"Casa Guedes Gaia","Av. de Diogo Leite 56, 4400-111 Vila Nova de Gaia, Portugal","restaurant","geral@casaguedes.com"
"Molhe Restaurant","Esplanada de 28 de Maio, 4150-457 Porto, Portugal","restaurant","restmolhe@sapo.pt"
"San Gallo Ocean","R. Arca de Noé 1062, 4400-367 Vila Nova de Gaia, Portugal","restaurant","sangalloocean@sangallo.pt"
"Osteria 5 Fratelli - Francelos","Alameda da Republica, s/n, Francelos, 4405-674 Vila Nova de Gaia, Portugal","restaurant","geral@osteria5fratelli.pt"
"Dom Marisco Miramar","Av. Gago Coutinho 792, 4405-709 Vila Nova de Gaia, Portugal","restaurant","geral@dommarisco.pt"
"Douro Sky Lounge","Alameda de Basílio Teles 29, 4050-015 Porto, Portugal","restaurant","porto@vinccihoteles.com"
"Vinum","Caves Graham's, Rua do Agro 141, 4400-003 Porto, Portugal","restaurant","reservas@vinumatgrahams.com"
"Torreão restaurante|bar","R. das Virtudes 37, 4050-630 Porto, Portugal","restaurant","reservas@torreao.pt"
"Bello Rooftop","Cais de Gaia 380, 4400-245 Vila Nova de Gaia, Portugal","restaurant","info@therebello.com"
"NOLA KITCHEN","Praça D. Filipa de Lencastre 25, 4050-259 Porto, Portugal","restaurant","hello@nola.com.pt"
"Cozinha das Flores","Lgo de S. Domingos 62, 4050-545 Porto, Portugal","restaurant","dine@cozinhadasflores.com"
"The George Terrace Bar","Largo Miguel Bombarda 67, 4430-175 Vila Nova de Gaia, Portugal","restaurant","reservations@thehouseofsandeman.pt"
"Honest Greens Santa Catarina","R. de Santa Catarina 184, 4000-442 Porto, Portugal","restaurant","hello@honestgreens.com"
"17th Restaurant & Bar","R. do Bolhão 223, 4000-112 Porto, Portugal","restaurant","reserv@hoteldomhenrique.pt"
"Restaurante Flor de Lis By Vila Foz","Av. de Montevideu 236, 4150-379 Porto, Portugal","restaurant","vilafoz@vilafozhotel.pt"
"San Remo Restaurante","Av. da Boavista 1120, 4100-113 Porto, Portugal","restaurant","equipa@alquimiadacor.eu"
"GROTTU PORTO","Rua da Picaria 93, 4050-478 Porto, Portugal","sushi restaurant","geral@grottu.pt"
"Wish","Largo da Igreja da Foz, 105 e 107, 4150-400 Porto, Portugal","sushi restaurant","wish@chefantoniovieira.com"
"Sibuya Urban Sushi Bar","R. de Mouzinho da Silveira 173, 4050-421 Porto, Portugal","sushi restaurant","ola@gruposibuya.com"
"Izakaya Japanese Cuisine","R. do Barão de São Cosme 96, 4000-500 Porto, Portugal","sushi restaurant","geral@izakaya.pt"
"Kintsugi Porto","R. de Santo Ildefonso 220, 4000-465 Porto, Portugal","sushi restaurant","kintsugi@kintsugiporto.com"
"New Wok - Porto","Tv. da Prelada 449, 4250-380 Porto, Portugal","sushi restaurant","reservas@newwokporto.pt"
"Hoshikuzu","R. Veloso Salgado 545, 4450-801 Leça da Palmeira, Portugal","sushi restaurant","geral@hoshikuzu.com"
"Mochi Sushi","R. Bento de Jesus Caraça 115, 4445-404 Ermesinde, Portugal","sushi restaurant","geral@mochi.pt"
"Sushi em tua casa - Porto","R. Dr. Joaquim Pires de Lima 27 R/C, 4200-349 Porto, Portugal","sushi restaurant","aveiro@sushiemtuacasa.pt"
"M'arrecreo Gaia","Cais de Gaia 476, 4400-245 Vila Nova de Gaia, Portugal","pizzeria","geral@marrecreo.com"
"Luzzo Pizzaria","Av. da Boavista 831, 4100-128 Porto, Portugal","pizzeria","dalalnawaz@yahoo.co.in"
"Fontinha Pizzeria","R. da Fontinha 87, 4000-241 Porto, Portugal","pizzeria","info@fontinhahotel.com"
"Caffè Italia Gaia","Av. da República 278, 4430-192 Vila Nova de Gaia, Portugal","pizzeria","reservas@italycaffegaia.com"
"Sapori Italiani Ristorante Pizzeria","Av. Gen. Norton de Matos 35, 4450-208 Matosinhos, Portugal","pizzeria","geral@saporiitalianiassociazione.com"
"Street Smash Burgers","Av. do Bessa 300, 4100-012 Porto, Portugal","burger restaurant","geral@streetlisboa.com"
"Brusco Burger — Foz Porto","R. do Passeio Alegre 412, 4150-572 Porto, Portugal","burger restaurant","ola@brusco.pt"
"Honorato Clérigos","R. de Cândido dos Reis 12, 4050-151 Porto, Portugal","burger restaurant","honorato@honorato.pt"
"Time Out Market Porto","Ala Sul da Estação Ferroviária de São Bento, Praça de Almeida Garrett, 4000-069 Porto, Portugal","burger restaurant","infoporto@timeoutmarket.com"
"The Good Burger","Rua do Loureiro 26, 4000-069 Porto, Portugal","burger restaurant","protecciondedatos@gruporestalia.com"
"P Gastro Bar","R. das Flores 94, 4000 Porto, Portugal","burger restaurant","fo.pousadaporto@pestana.com"
"Black Sheep Burgers and Shakes","209 E Walnut St, Springfield, MO 65806, USA","burger restaurant","mike@flamesteakhouse.com"
"Mason Jar Brews and Burgers","941 N 74 Dr, Kansas City, KS 66112, USA","burger restaurant","info@masonjarkc.com"
"Café Casa da Musica","Av. da Boavista 604 Piso 7, 4149-071 Porto, Portugal","cafe","eventos@restaurantecasadamusica.com"
"Cremosi","Praça do Bom Sucesso 74-90, 4150-145 Porto, Portugal","cafe","cremosi@cremosi.com"
"Bicho Porto","R. do Breiner 72, 4050-172 Porto, Portugal","cafe","info@obicho.pt"
"Zenith - Brunch & Cocktails Bar","Praça de Carlos Alberto 86, 4050-158 Porto, Portugal","cafe","customerservice@zenithcaffe.pt"
"Noshi Coffee","R. do Carmo 11 12, 4050-164 Porto, Portugal","cafe","geral@simbiotic.pt"
"LOOK.Sharp Cafe Porto | Coworking | Events | Retail","R. de Cimo de Vila 41, 4000-169 Porto, Portugal","cafe","cafe@look-sharp.net"
"Angola Café","R. Pádua Correia nº413, 4430-238 Vila Nova de Gaia, Portugal","cafe","geral@angolacafe.com"
"Café Passaporte","R. de Pinto Bessa 483, 4300-433 Porto, Portugal","cafe","8c4075d5481d476e945486754f783364@sentry.io"
"Pastelaria Casa Bacelar","Praça Dom Afonso v 55F, 4150-738 Porto, Portugal","cafe","casabacelar@sapo.pt"
"Barcarola - Costa Cabral | Francesinha Restaurant - Porto","Rua de Costa Cabral 806, 4200-212 Porto, Portugal","cafe","geral@barcarola.pt"
"Cafetaria Terrárea","Rua de Brito Capelo 1211, 4450-078 Matosinhos, Portugal","cafe","info@terrarea.pt"
"At Street.Coffee® - SPECIALTY COFFEE FOR ALL.","R. de Santa Teresa 4, 4050-537 Porto, Portugal","cafe","we@atstreet.coffee"
"Majestic Café","R. de Santa Catarina 112, 4000-442 Porto, Portugal","cafe","cafemajestic@mail.telepac.pt"
"Mirajazz","Escadas do Caminho Novo 11, 4050-554 Porto, Portugal","bar","hello@mirajazz.pt"
"Base Porto","Jardim Kiosk, Passeio dos Clérigos, R. das Carmelitas 151, 4050-163 Porto, Portugal","bar","geral@baseporto.com"
"Flôr Bar Porto","Lgo de S. Domingos 62, 4050-545 Porto, Portugal","bar","drink@florporto.com"
"Curioso Cocktail Bar","R. de Ferreira Borges 60, 4050-252 Porto, Portugal","bar","info@curiosococktailkitchen.com"
"Botanic Beer Garden","1920 Houston Ave, Houston, TX 77007, USA","bar","info@botanicbeergarden.com"
"Hidden Bar","2715 Bissonnet St Ste 160, Houston, TX 77005, USA","bar","info@norigamihtx.com"
"Lucy Blue","468 19th St, Oakland, CA 94612, USA","bar","info@lucybluebar.com"
"LOT 12 Rooftop Bar","2512 W Berry St, Fort Worth, TX 76109, USA","bar","sales@lot12tcu.com"
"Tallboy","4210 Telegraph Ave, Oakland, CA 94609, USA","bar","sup@tallboy.bar"
"Shipwrecked Paradise Island","1510 16th St #300, Sacramento, CA 95814, USA","bar","contactus@shipwreckedtikibar.com"
"Amura - Bar & Rooftop Lounge","R. São Pedro de Miragaia 60, 4050-565 Porto, Portugal","bar","info@timbrevirtudes.com"
"Park Hotel","R. da Bélgica 3172, 4400-049 Vila Nova de Gaia, Portugal","hotel","geral.gaia@parkhotel.pt"
"ABC Hotel Porto - Boavista","Av. da França 168 178, 4050-278 Porto, Portugal","hotel","reservas.pcm@abchotels.pt"
"ibis budget Porto Gaia","R. Martir São Sebastião 390, 4400-499 Vila Nova de Gaia, Portugal","hotel","h5106@accor.com"
"Novotel Porto Gaia","Nº De Registo:303, R. Martir São Sebastião, Afurada de Baixo, 4400-499 Vila Nova de Gaia, Portugal","hotel","h1050@accor.com"
"Mercure Porto Gaia Hotel","Rua Manuel Moreira De Barros 618D, Nº De Registo:378, 4400-346 Vila Nova de Gaia, Portugal","hotel","H3347@accor.com"
"ibis Porto Gaia","R. Martir São Sebastião 247, 4400-499 Vila Nova de Gaia, Portugal","hotel","H1274@accor.com"
"Hotel Black Tulip","Av. da República 2038, 4430-195 Vila Nova de Gaia, Portugal","hotel","geral@hotelblacktulip.pt"
"Clip Hotel","Av. da República 1559, 4430-205 Porto, Portugal","hotel","info@cliphotel.pt"
"ZERO Box Lodge Porto","R. do Ateneu Comercial do Porto 13, 4000-380 Porto, Portugal","hotel","press@thezerohotels.com"
"Porto Je T'aime","Av. da República 1239, 4430-204 Vila Nova de Gaia, Portugal","hotel","webmaster@portojetaime.com"
"Vincci Ponte de Ferro","R. do Casino da Ponte 1 11th floor, 4430-999 Vila Nova de Gaia, Portugal","hotel","pontedeferro@vinccihoteles.com"
"Grande Hotel do Porto","R. de Santa Catarina 197, 4000-450 Porto, Portugal","hotel","reservas@grandehotelporto.com"
"Lusitana Hotel","R. do Rosário 241, 4050-524 Porto, Portugal","hotel","reservas@lusitanahotel.com"
"room Select Porto","Região Norte, Praça da República 29, 4050-495 Porto, Portugal","hotel","booking@roomselecthotels.com"
"Hotel Love","187, Av. de Fernão de Magalhães 60, 4300-102 Bonfim, Portugal","hotel","reservas@montecarloloveporto.com"
"Eurostars Porto Douro","Av. Gustavo Eiffel 20, 4000-279 Porto, Portugal","hotel","reservas@eurostarsportodouro.com"
"Best Guest Porto Hostel","R. de Mouzinho da Silveira 257, 4050-421 Porto, Portugal","hostel","bgh@bestguesthostel.com"
"Happy Porto Hostel","Rua de Miragaia 177, 4050-388 Porto, Portugal","hostel","hello@happyporto.com"
"Porto Lounge Hostel & Guesthouse","Rua do Almada 317, 4050-038 Porto, Portugal","hostel","info@portoloungehostel.com"
"PILOT Design Hostel & Bar","R. do Gen. Silveira 11, 4050-449 Porto, Portugal","hostel","help@pilothostel.com"
"So Cool Hostel Porto","R. da Boavista 783, 4050-110 Porto, Portugal","hostel","info@socoolhostelporto.com"
"108mm House","Rua do Bicalho 108, 4150-139 Porto, Portugal","hostel","info@108mmhouse.com"
"Blue River Apartments","R. da Ramada Alta 209, 4400-263 Vila Nova de Gaia, Portugal","hostel","porto@blueriver.pt"
"Maison Cabral","R. de Álvares Cabral 134, 4050-040 Porto, Portugal","hostel","geral@maisoncabral.com"
"Oporto Riverside Rooftop","R. da Bolsa 105, 4050-116 Porto, Portugal","hostel","reservas@oportoriversiderooftop.com"
"Cats Hostel Porto","R. do Cativo 26 28, 4000-160 Porto, Portugal","hostel","porto@catshostels.com"
"The Passenger Hostel","Estação São Bento, Praça Almeida Garrett, 4000-069 Porto, Portugal","hostel","info@thepassengerhostel.com"
"Onefam Ribeira Hostel Porto","R. Chã 89, 4000-052 Porto, Portugal","hostel","ribeira@onefamhostels.com"
"Rosalma Hostel Porto","R. de Santa Catarina 501, 4000-452 Porto, Portugal","hostel","hello@rosalmahostel.com"
"Canvas Atelier Hostel","R. do Barão de São Cosme 264, 4000-501 Porto, Portugal","hostel","contato@exemplo.pt"
"Casas da Corujeira","R. Central da Corujeira 55, 4300-111 Porto, Portugal","hostel","geral@casasdacorujeira.pt"
"Oporto Coliving Monte Ramalde 82","R. do Monte de Ramalde 82, 4250-488 Porto, Portugal","hostel","contact@osaliving.pt"
"Albergue de Peregrinos Porto","R. do Barão de Forrester 954, 4050-350 Porto, Portugal","hostel","info@albergueperegrinosporto.pt"
"Oportocean Hostel & Suites","Estr. da Circunvalação 14044, 4460-250 Matosinhos, Portugal","hostel","geral@oportocean.com"
"Boavista Guest House","R. da Boavista 667, 4050-110 Porto, Portugal","guesthouse","info@boavistaguesthouse.com"
"InPatio Guest House","Pátio de São Salvador 22, 4050-567 Porto, Portugal","guesthouse","info@inpatio.pt"
"Naya Guesthouse","R. da Constituição 1205, 4250-167 Porto, Portugal","guesthouse","hello@nayaporto.pt"
"Ribeiredge Guesthouse, porto portugal","R. do Comércio do Porto 85, 4050-253 Porto, Portugal","guesthouse","info@ribeiredgeguesthouse.pt"
"In Porto Gallery Guesthouse","R. do Bonjardim 358, 4000-116 Porto, Portugal","guesthouse","geral@inporto.pt"
"myCasa Guesthouse","R. 2 871, 4500-261 Espinho, Portugal","guesthouse","reservas@mycasa.pt"
"Menina Colina Guesthouse","R. Dr. Alberto Aires de Gouveia 19, 4050-023 Porto, Portugal","guesthouse","info@menina-colina.pt"
"Cocorico","R. do Duque de Loulé nº 97, 4000-325 Porto, Portugal","guesthouse","contacto@cocorico-porto.pt"
"Botica Guesthouse","R. 19 269, 4500-256 Espinho, Portugal","guesthouse","botica@boticaguesthouse.com"
"Domvs Gaia GHouse B&B","R. Cândido dos Reis 767, 4430-999 Vila Nova de Gaia, Portugal","guesthouse","info@domvsgaia.com"
"My Ribeira Guest House","R. Clube Fluvial Portuense 8, 4050-206 Porto, Portugal","guesthouse","info@myribeiraguesthouse.com"
"Porto Music Guest House","Avenida da Boavista nº601, 4100-127 Porto, Portugal","guesthouse","info@portomusicguesthouse.com"
"Guest House Triunfo","R. do Cativo 9, 4000-160 Porto, Portugal","guesthouse","geral@guesthousetriunfo.com"
"Ocean Boutique Guesthouse","Av. da República 492, 4450-237 Matosinhos, Portugal","guesthouse","hello@oceanboutiqueguesthouse.com"
"ó Poboa - Guesthouse","R. Alm. Reis 40, 4490-463 Póvoa de Varzim, Portugal","guesthouse","hello@opoboa.pt"
"Bed & Breakfast Residencial Lira","R. de Vale Formoso 45, 4200-511 Porto, Portugal","guesthouse","info@liraguesthouse.com"
"MaisPhysio","R. Oliveiras 14, 4405-889 Vila Nova de Gaia, Portugal","physiotherapy clinic","geral@maisphysio.com"
"Clinica do Corpo - Fisioterapia, Nutrição e SPA","Praceta de Henrique Moreira 244, Arrábida Shopping - Loja n.º200, 4400-346 Afurada, Portugal","physiotherapy clinic","arrabida@clinicadocorpo.com.pt"
"Etg - Enfermagem E Terapias Globais, Lda","R. Florbela Espanca 58, 4410-388 Arcozelo, Portugal","physiotherapy clinic","etg@sapo.pt"
"MYO CLINIC GAIA - Exercício com Saúde","Av. Infante Sagres 783, 4410-453 Valadares, Portugal","physiotherapy clinic","geral@myoclinics.pt"
"Clínica Rehab4U","R. Emissor 114 Direito, 4400-436 Canidelo, Portugal","physiotherapy clinic","geral@rehab4u.pt"
"CLÍNICA VERACRUZ - Saúde, Higiene e Segurança no Trabalho","Av. Padre Alves Correia 10, 4400-619 Vila Nova de Gaia, Portugal","physiotherapy clinic","comercial@clinicaveracruz.pt"
"Movement Clinic","R. Manuel Moreira Barros, 4400-346 Vila Nova de Gaia, Portugal","physiotherapy clinic","clinica.penafiel@osteo360.pt"
"Mar Saúde","R. Francisco Pereira Pinto de Lemos 30, 4400-700 Vila Nova de Gaia, Portugal","physiotherapy clinic","clinica@marsaude.pt"
"Um Sorriso nos Lábios - Fisioterapia","Rua da Paz 66 Loja 6, 4050-461 Porto, Portugal","physiotherapy clinic","susana@umsorriso.pt"
"Qiuman Fisioterapia Pélvica e Saúde Integrativa da Mulher no Porto","Rua da Saudade 59 4º Andar, Sala 41, 4050-570 Porto, Portugal","physiotherapy clinic","geral@qiuman.pt"
"Esage II - Clínica Fisiátrica Da Foz Lda","R. Dom Domingos Pinho Brandão 75, 4150-280 Porto, Portugal","physiotherapy clinic","geral@esage.pt"
"Bonfim Central Clinic","Av. de Fernão de Magalhães 442, 4349-008 Porto, Portugal","physiotherapy clinic","clinicabonfim@euromedic.pt"
"Instituto Médico Privado","R. de Sá da Bandeira 562, 4000-431 Porto, Portugal","physiotherapy clinic","geral@institutomedicoprivado.com"
"FISIOVIDA","Av. de Fernão de Magalhães nº 460 2º/3º, 4300-189 Porto, Portugal","physiotherapy clinic","info@fisiovida.pt"
"Clinicas Espregueira Atlantico","Estádio Dragão - Entrada Nascente, 4350-415 Porto, Portugal","physiotherapy clinic","geral@clinicaespregueira.com"
"Meclinic- URGÊNCIA DENTÁRIA 24 HORAS","R. Profa. Rita Lopes Ribeiro Fonseca 28, 4400-694 Vila Nova de Gaia, Portugal","dental clinic","geral@urgenciadentaria.pt"
"CARREIRA DENTAL CLINIC - Porto","R. de António Cardoso 391, 4150-079 Porto, Portugal","dental clinic","porto@carreiradentalclinic.pt"
"ORTO-M Canidelo","R. da Bélgica 2176, 4400-046 Vila Nova de Gaia, Portugal","dental clinic","ghghg@orto-m.com"
"Clínica Médis Medicina Dentária Bom Sucesso","Ed. Península, Praça do Bom Sucesso 117, 4150-146 Porto, Portugal","dental clinic","apoioaocliente@clinicamedis.pt"
"Clínica","R. Dr. Jacinto Nunes 34, 4150-409 Porto, Portugal","dental clinic","geral@medicalartcenter.pt"
"IFACLINIC - Alinhadores Invisíveis","R. de 5 de Outubro 139, 4100-175 Porto, Portugal","dental clinic","ifaclinic@ifaclinic.com"
"Self Care Clinic - Dentista Canidelo - Vila Nova de Gaia","Av. da Beira-Mar 1775, 4400-382 Vila Nova de Gaia, Portugal","dental clinic","info@website.com"
"O Meu Doutor","Rua do Campo Alegre 1644, 4150-176 Porto, Portugal","dental clinic","leiria@omeudoutor.pt"
"OralCentro","4050 Porto, Portugal","dental clinic","geral@oralcentro.pt"
"Clínica PCMFG Medicina Dentária","Rua da Venezuela 249, 4150-744 Porto, Portugal","dental clinic","mail@clinicapcmfg.com"
"Paulo Malo - Clínica Dentária","R. do Mal. Saldanha 512, 4150-652 Porto, Portugal","dental clinic","%20geral@malodental.com"
"Clínica Dentária IRON - Instituto de Reabilitação Orofacial do Norte","R. da Boavista 364, 4050-107 Porto, Portugal","dental clinic","info@iron.pt"
"Dental Clinic Santa Catarina","R. de Santa Catarina 429, 4000-444 Porto, Portugal","dental clinic","geral@cdsantacatarina.pt"
"SYMETRIC - Clínica Médica e Dentária de Valadares","Rua do Penedo,33 - Valadares 33, 4405-589 Vila Nova de Gaia, Portugal","dental clinic","geral@clinicasymetric.pt"
"Cristina Alípio Dental Clinic","Av. de Fernão de Magalhães 1043, 4350-168 Porto, Portugal","dental clinic","geral@clinicacristinaalipio.pt"
"Gran Via - Clínica Médica Dentária","R. Telhado 81, 4400-321 Vila Nova de Gaia, Portugal","dental clinic","geral@clinicagranvia.pt"
"Living Clinic - Dermatologia, Cirurgia Plástica e Medicina Estética","Av. da Boavista 117 6º, Sala 607, 4050-115 Porto, Portugal","dermatology clinic","secretaria@livingclinic.pt"
"Clínica Dermatologia Grupo Sofia Magina","R. Prof. Bento de Jesus Caraça 209, 4200-131 Porto, Portugal","dermatology clinic","smagina@clinicadermatologia.pt"
"Synthesis","R. Júlio Lourenço Pinto 176F, 4150-004 Porto, Portugal","dermatology clinic","geral@synthesisbeauty.pt"
"Depiderme - Clínica D’epilação Laser - Porto","Av. da Boavista 1742, 4100-116 Porto, Portugal","dermatology clinic","leiria@depiderme.com"
"Clínica de Gondomar","Tv. Monte Crasto 126, 4420-211 S. Cosme, Portugal","dermatology clinic","atendimento@clinicagondomar.pt"
"Chi Clinic","R. Manuel Dias da Fonseca 240, 4450-125 Matosinhos, Portugal","dermatology clinic","geral@chiclinic.com.pt"
"Clínica da Liga","Mafamude, 4430-999 Vila Nova de Gaia, Portugal","dermatology clinic","geral@ligagaia.pt"
"The Dermatology Clinic, PLLC","11295 E Taylor Rd, Gulfport, MS 39503, USA","dermatology clinic","admin@thedermclinic.net"
"Clínica Dermatologia Pedro Vilas Boas","Rua Dr. Teófilo Bernardes 179, 4480-700 Vila do Conde, Portugal","dermatology clinic","geral@pedrovilasboas.com"
"Personal Derma - Dermatology Clinic & Esthetic","Av. António Augusto de Aguiar 110 C, 1050-019 Lisboa, Portugal","dermatology clinic","geral@personalderma.pt"
"Aesthetic and Dermatology Center Lisbon","Av. João Crisóstomo 16, 5th Flr, Av. João Crisóstomo 16, 1000-207 Lisboa, Portugal","dermatology clinic","info@aestheticanddermatologylisbon.com"
"Clinical Dermatology Do Areeiro, Lda.","Av. Afonso Costa 22 SL D, 1900-036 Lisboa, Portugal","dermatology clinic","geral@dermareeiro.pt"
"Centro de Dermatologia de Lisboa","R. Augusto Gil 35B, 1000-064 Lisboa, Portugal","dermatology clinic","geral@cdlisboa.pt"
"Derme.pt","R. Xavier de Araújo, 1600-226 Lisboa, Portugal","dermatology clinic","geral@derme.pt"
"The Dermatology Clinic","5326 O'Donovan Dr, Baton Rouge, LA 70808, USA","dermatology clinic","ofcmgr1@thedermatologyclinic.com"
"Neuromente Porto","Edifício Oceanus, Av. da Boavista 3211 1º andar, sala 2.7, 4100-113 Porto, Portugal","psychology clinic","geral@neuromente.pt"
"EME Saude","Rua de Júlio Dinis 561 5º, 4050-012 Porto, Portugal","psychology clinic","geral@emesaude.pt"
"Corpo Saudável - Estética & Bem-Estar","Rua do Campo Alegre 478, 4150-170 Porto, Portugal","psychology clinic","info@corposaudavel.pt"
"NeuroImprove Clinic","R. Calouste Gulbenkian 52 3º Andar, Sala 9, 4050-144 Porto, Portugal","psychology clinic","geral@neuroimprove.pt"
"Felicity Gaia - Centro de Desenvolvimento Infanto-Juvenil","R. da Bélgica 2521, 4400-053 Canidelo, Portugal","psychology clinic","geral@felicity.com.pt"
"Douro Centro Médico","Av. da Boavista 197 2ºB, 4050-115 Porto, Portugal","psychology clinic","geral@dourocentromedico.pt"
"NaturalMente Academy","R. António Bessa Leite 1468 loja 12, 4150-074 Porto, Portugal","psychology clinic","geral@naturalmenteacademy.pt"
"Clínica BemEstar","Edifício Via Trindade, Rua de Camões 218 7º - 7.3, 4000-138 Porto, Portugal","psychology clinic","geral@clinica-bemestar.pt"
"REACH - Clínica de Saúde Mental","Edifício Via Trindade, Rua de Camões 218 4º andar, sala 2, 4000-138 Porto, Portugal","psychology clinic","reach@reach.com.pt"
"Ginásio Da Educação Da Vinci","R. Joaquim Nicolau de Almeida 86, 4430-090 Vila Nova de Gaia, Portugal","psychology clinic","vngaia@davinci.edu.pt"
"Mind House Psiquiatria e Psicoterapia","Av. da Boavista 3769 Loja 5, 4100-139 Porto, Portugal","psychology clinic","geral@mindhouse.pt"
"Clínica Ariadne - Psiquiatria e Psicoterapia","R. de Aristídes de Sousa Mendes 225 Sala A3, 4150-088 Porto, Portugal","psychology clinic","geral@ariadne.pt"
"ID Clinics | Consultas Psicologia & Psiquiatria no Porto","R. São João de Brito 304, 4100-283 Porto, Portugal","psychology clinic","info@id-clinics.com"
"Porto Mental Health Clinic","Av. da França 352 5° andar Sala 8, 4050-276 Porto, Portugal","psychology clinic","geral@clinicadesaudementaldoporto.pt"
"Mind Haven Wellness Center","R. Dr. Emílio Peres 95, 4050-007 Porto, Portugal","psychology clinic","geral@mindhavenwellnesscenter.pt"
"Clínica da Mente","Rua de Costa Cabral 799, 4200-224 Porto, Portugal","psychology clinic","geral@clinicadamente.com"
"O Principezinho - Centro de desenvolvimento de crianças e jovens","R. Maria Justina 24, 4510-609 Fânzeres, Portugal","psychology clinic","geral@zinho.pt"
"Restaurante Buraco do Velho","R. da Comunidade 30, 3840-345, Portugal","restaurant","info@buracodovelho.pt"
"Bronze Seafood & Lounge Bar","R. da Nossa Sra. da Encarnação 10, 3830-459 Gafanha da Encarnação, Portugal","restaurant","geral@bronze.pt"
"Oakberry Açaí . Aveiro","Av. Santa Joana 15 RC Esquerdo, 3810-329 Aveiro, Portugal","restaurant","contato@oakberry.com"
"100 Montaditos Aveiro","Av. Santa Joana 25, 3810-064 Aveiro, Portugal","restaurant","attcliente@gruporestalia.com"
"Restaurante Vale da Cerejeira","R. da República 31, 3810-164 Esgueira, Portugal","restaurant","valedacerejeira@sapo.pt"
"M Bakery Aveiro","Praça do Marquês de Pombal 5, 3810-133 Aveiro, Portugal","restaurant","geral@mbakery.pt"
"Pizzarte","R. Eng. Von Haff 27, 3800-177 Aveiro, Portugal","restaurant","pizzarte@pizzarte.com"
"Restaurante do Lago","Cais da Fonte Nova 5, 3810-200 Aveiro, Portugal","restaurant","melia.ria@meliaportugal.com"
"STIR","214 E McBee Ave., Greenville, SC 29601, USA","restaurant","info@stirgreenville.com"
"Print Works Bistro","702 Green Valley Rd, Greensboro, NC 27408, USA","restaurant","printworksbistro@qwrh.com"
"Green Valley Grill","622 Green Valley Rd, Greensboro, NC 27408, USA","restaurant","gvgrill@qwrh.com"
"Bouboulina","921 Meeting St, Rockville, MD 20852, USA","restaurant","info@eatbouboulina.com"
"Athos Restaurant","1814 Western Ave, Albany, NY 12203, USA","restaurant","athosrestaurant@yahoo.com"
"Fork and Plough","1629 E North St, Greenville, SC 29607, USA","restaurant","catering@forkandplough.com"
"Café la Vie","7730 Bonhomme Ave, St. Louis, MO 63105, USA","restaurant","cafelavie@lemeridienclayton.com"
"Firewater Kitchen & Bar","20128 Garrett Hwy, Oakland, MD 21550, USA","restaurant","--reservations@firewaterkitchen.com"
"Onshore Sushi","R. Manuel Facica, 3830-751 Gafanha da Nazaré, Portugal","sushi restaurant","onshore@outlook.pt"
"ASIMAMI","R. de José Rabumba 18, 3810-165 Aveiro, Portugal","sushi restaurant","geral@asimami.pt"
"Tasca do Amarelinho","Av. Dr. Lourenço Peixinho 104, 3800-223 Aveiro, Portugal","sushi restaurant","geral@tascadoamarelinho.com"
"Himá Oriental Taste- Aveiro Shopping Center","Estr. da Taboeira, 3800-901 Aveiro, Portugal","sushi restaurant","geral@himaorientaltaste.pt"
"Oyama Sushi & Steakhouse","5350 Council St NE F, Cedar Rapids, IA 52402, USA","sushi restaurant","e081c35a018348d18e09ed427bf39b65@o462166.ingest.sentry.io"
"Dolce Pizzeria Ristorante","Av. Dr. Lourenço Peixinho n196, 3800-181 Aveiro, Portugal","pizzeria","reservas@dolcepizzeriaristorante.com"
"Pizzaria O Sonho das Fontes","Avenida Das Laranjeiras, Edif Fontes, Av. das Laranjeiras 34 R/C - D, 3780-202 Anadia, Portugal","pizzeria","geral@sonhodasfontes.pt"
"LA MAMAROMA","Cais do Alboi 21, 3810-045 Aveiro, Portugal","pizzeria","info@la-mamaroma.pt"
"Best Pizza & Brew","1639 S Coast Hwy, Oceanside, CA 92054, USA","pizzeria","info@bestpizzaandbrew.com"
"Pizza Perfect Ypsilanti","332 S Ford Blvd, Ypsilanti, MI 48198, USA","pizzeria","astigma@astigmatic.com"
"Terraço Boco Lounge - Café Bistrô Bar","R. da Mota 1, 3830-142 Gafanha de Aquém, Portugal","burger restaurant","geral@bocolounge.pt"
"Hamburgueria Revolta - Hamburgueria & Cervejaria Artesanal","Praça do Mercado 24, 3800-175 Aveiro, Portugal","burger restaurant","revolta@chefpai.pt"
"H3","R. Dom Manuel Barbuda e Vasconcelos, 3810-498 Aveiro, Portugal","burger restaurant","canaldedenuncias@realfood.pt"
"NATA Lisboa - Aveiro","Tv. do Governo Civil 3, 3810-076 Aveiro, Portugal","cafe","franchising@natalisboa.com"
"Terraço Aveiro","Av. Dr. Lourenço Peixinho 15, 3800-095 Aveiro, Portugal","bar","GERAL@TERRACOAVEIRO.PT"
"Nights Bar - São Miguel do Rio Torto","R. Nº Cinco 7, 2205 São Miguel do Rio Torto, Portugal","bar","info@nails.com"
"Montebelo Vista Alegre Ílhavo Hotel","Lugar da Vista Alegre, 3830-292 Ílhavo, Portugal","hotel","montebelovistaalegreilhavo@montebelohotels.com"
"BARRA Hotel Farol","Lgo do Farol, Praia da Barra, 3830-753 Aveiro, Portugal","hotel","info@hotelfarol.pt"
"Orbitur Vagueira","R. do Parque de Campismo s/n, 3840-254, Portugal","hotel","crp@orbitur.pt"
"Hotel Imperial","R. Dr. Nascimento Leitão 1, 3810-108 Aveiro, Portugal","hotel","reservas@hotelimperial.pt"
"Hotel Santiago","R. Padre Vicente Maria da Rocha 20, 3840-453 Vagos, Portugal","hotel","geral@hotelsantiago.com.pt"
"House Barra Beach","Beco dos patas, Av. João Corte Real 2, 3830-751 Gafanha da Nazaré, Portugal","hotel","reservas@housebarrabeach.pt"
"Hotel Afonso V & SPA","R. de Dr. Manuel das Neves, 3810-101 Aveiro, Portugal","hotel","info@hotelafonsov.pt"
"Costa do Sal","Av. José Estevão 238, 3830-453 Gafanha da Encarnação, Portugal","hotel","rececao@costadosal.com"
"Costa Nova Hotel","R. do Arrais Ança 16, 3830-455 Gafanha da Encarnação, Portugal","hotel","geral@costanovahotel.com"
"Hotel Jardim","094, Av. de Dom Afonso V, 3810-164 Aveiro, Portugal","hotel","info@hoteljardim.pt"
"Hotel Jardim Oudinot","R. do Forte da Barra sn, 3830-565, Portugal","hotel","info@myway-kitesurf.com"
"Hotel Ílhavo Plaza","Av. Mário Sacramento 113, 3830-052 Ílhavo, Portugal","hotel","geral@hotelilhavoplaza.com"
"HI Aveiro – Pousada de Juventude","Edificio IPDJ, R. das Pombas, 3810-150 Aveiro, Portugal","hotel","aveiro@movijovem.pt"
"Hotel João Capela","Tv. da Estação, 3810-832 Aveiro, Portugal","hotel","info@joaocapela-residencial.com"
"Hotel Aveiro Center","R. da Arrochela 6, 3810-052 Aveiro, Portugal","hotel","reservas@hotelaveirocenter.com"
"Suites & Hostel Cidade Aveiro","R. do Principe Perfeito 18, 3810-151 Aveiro, Portugal","hotel","info@hostelcidadeaveiro.pt"
"Hotel Aveiro Palace","Rua de Viana do Castelo 4, 3800-275 Aveiro, Portugal","hotel","turimaveiropalacehotel@turimhoteis.com"
"Ericeira Soul Guesthouse","R. de Santo António 18 A, 2655-360 Ericeira, Portugal","guesthouse","info@ericeirasoul.pt"
"CMEF - CLÍNICA MÉDICA E FISIOTERAPIA","Av. Dr. Lourenço Peixinho 20 3 H, 3800-159 Aveiro, Portugal","physiotherapy clinic","administrativo@cmef.pt"
"Fisiomanual LDA","Avenida Dr. Francisco Sá Carneiro, 3810-265 Aveiro, Portugal","physiotherapy clinic","support@domian.com"
"Espaço S — Serviços de Saúde da Vagueira — Aveiro, Portugal","Ed. Imperial, R. do Gov. N R/C, 3840-276, Portugal","physiotherapy clinic","info@espacodesaude.pt"
"Move Mais - Clínica Médica e de Reabilitação","Rua Nova Urbanização Santiago 1 N 72, 3810-367 Aveiro, Portugal","physiotherapy clinic","geral@movemaisfisiotraining.pt"
"Clínica Rui Faria Aveiro","R. Dr. Francisco Ferreira Neves 37, 3800-351 Aveiro, Portugal","physiotherapy clinic","info@clinicaruifaria.pt"
"Clínica Real Saude","R. Cândido dos Reis 550, 3840-412 Vagos, Portugal","physiotherapy clinic","realsaude@realsaude.pt"
"Peekaboo Centro Terapêutico","R. de São João da Cruz 10 RC Fração M, 3800-253 Aveiro, Portugal","physiotherapy clinic","geral@peekaboocentroterapeutico.pt"
"BabyFeelings - Saúde Materno Infantil","Rua de Santo André 31, 3800-388 Aveiro, Portugal","physiotherapy clinic","geral@babyfeelings.pt"
"UroHealth Medical Clinic","R. do Brasil 18, 3800-012 Aveiro, Portugal","physiotherapy clinic","consultas@urohealth.pt"
"PiTZ Pilates & Fisioterapia","Estr. de São Bernardo 41, 3810-175 Aveiro, Portugal","physiotherapy clinic","geral@pitz.pt"
"The Clinique","R. 31 de Janeiro nº19, 3810-155 Aveiro, Portugal","physiotherapy clinic","geral@thecliniqueaveiro.pt"
"RiaClinic","R. Central 13, 3830-404 Gafanha do Carmo, Portugal","physiotherapy clinic","GERAL@RIACLINIC.PT"
"Rui Vilela","Av. José Estevão 377, 3850-555 Gafanha da Nazaré, Portugal","dental clinic","consultas@ruivilela.pt"
"CARREIRA DENTAL CLINIC - Aveiro","Rua José Afonso, nº2 e 4, 3800-438 Aveiro, Portugal","dental clinic","aveiro@carreiradentalclinic.pt"
"UPCARE - Medical Center","Av. Europa 741 Fracção B, 3810-140 Aveiro, Portugal","dental clinic","geral@upcare.pt"
"Clínica Dentária OralMED Aveiro","R. Dr. Alberto Souto 36, 3800-148 Aveiro, Portugal","dental clinic","aveiro@oralmed.pt"
"CCES Aveiro | Medicina Dentária","R. Direita de Aradas 5, 3810-415 Aveiro, Portugal","dental clinic","geral@aveiro.cces.pt"
"Nord, Clínica Dentária Dra Inês Nordeste","R. Vasco da Gama 71, 3830-225 Ílhavo, Portugal","dental clinic","geral@nord.pt"
"Jesus Mar Couto - Medicina Dentária","Av. Dr. Lourenço Peixinho 180A, 3810-106 Aveiro, Portugal","dental clinic","aveiro@jesusmarcouto.pt"
"Clínica Dentária Ilhavense","Av. 25 de Abril 138, 3830-044 Ílhavo, Portugal","dental clinic","geral@cdilhavense.pt"
"Hiclinic Dental Care","R. Dr. Mário Sacramento 177 1ºL, 3810-106 Aveiro, Portugal","dental clinic","geral@hiclinic.pt"
"LAclinic - Clínica de Medicina Dentária","R. Conselheiro Luís de Magalhães 64 2ºW, 3800-137 Aveiro, Portugal","dental clinic","pacientes@laclinic.pt"
"AMLA Clínica Dentária","R. Dom Carlos I 2, 3800-438 Aveiro, Portugal","dental clinic","info@amlaclinica.pt"
"SorrirBem Clinica Dentária","R. de Moçambique 08, 3800-022 Aveiro, Portugal","dental clinic","info@sorrirbem.pt"
"Clínica Santa Madalena Aveiro","Estrada Nacional 109, Loja 2 - Esgueira Hiper Pingo Doce de Aveiro, 3800-042 Aveiro, Portugal","dental clinic","clinicaaveiro@santamadalena.pt"
"Dental SPA","Avenida do, Av. Dr. Lourenço Peixinho 175 F-lj 6, 3800-167 Aveiro, Portugal","dental clinic","clinica@ddentalspa.pt"
"CLÍNICA MÉDICA DENTÁRIA - LACERDA","R. do Almte. Cândido dos Reis 110, 3800-211 Aveiro, Portugal","dental clinic","geral@clinicadentarialacerda.pt"
"CLÍNICA DE MEDICINA DENTÁRIA FAMILY CARE CLINICS","Praceta Rua da República 1, 3810-495 Aveiro, Portugal","dental clinic","info@familycareclinics.pt"
"Clínica Plazamed","R. de António Carlos Vidal 14 R/CH Fração F, 3840-411 Vagos, Portugal","dental clinic","geral@plazamed.pt"
"DENTYS - Clínica de Medicina Dentária em Aveiro","Telefone 234484542, Estr. de São Bernardo 71 Loja A, 3810-164 Aveiro, Portugal","dental clinic","dentys@dentys.pt"
"Clínica Dentária das 5 Bicas","R. de Castro Matoso N.º 31, 3810-079 Aveiro, Portugal","dental clinic","geral@clinicadentaria5bicas.pt"
"Clinague","R. da Guiné Bissau 53, 3750-301 Águeda, Portugal","dermatology clinic","clinague@clinague.pt"
"Alaska Family Dermatology","3340 Providence Dr Suite 358, Anchorage, AK 99508, USA","dermatology clinic","info@akfamilyderm.com"
"Policlínica Santo António Rio Meão","Av. 20 de Maio 106, 4520-473 Rio Meão, Portugal","dermatology clinic","riomeao@psaclinicas.pt"
"The Psychological Effect by Ana Oliveira","Av. da Liberdade 439, 3700-168 São João da Madeira, Portugal","psychology clinic","geral@thepsychologicaleffect.com"
"Saúde Positiva","R. do Cap. Lebre 55, 3810-384 Aveiro, Portugal","psychology clinic","geral@saudepositiva.pt"
"Psiheart - Rita Soares - Psicologia clínica","Rua de Viana do Castelo 21, 3800-275 Aveiro, Portugal","psychology clinic","geral@psiheart.pt"
"Unidade Psiquiátrica Privada de Aveiro","R. Dr. João de Moura 61, 3800-157 Aveiro, Portugal","psychology clinic","geral@uppaveiro.pt"
"Lisbon Psychology","Rua, R. Pinheiro Chagas 48, 1050-179 Lisboa, Portugal","psychology clinic","lea@lisbonpsychology.com"
"Psiaveiro - Clínica de Psicologia","Av. Dr. Lourenço Peixinho 54 2º andar, 3800-159 Aveiro, Portugal","psychology clinic","geral@psiaveiro.pt"
"Psicóloga Clínica Ana Pinho","R. Gustavo Ferreira Pinto Basto 8, 3810-119 Aveiro, Portugal","psychology clinic","info@psianapinho.com"
"Nicole A. Santos - Psicologia","R. dos Combatentes da Grande Guerra 81 Loja H, 3810-087 Aveiro, Portugal","psychology clinic","psinicolesantos@outlook.pt"
"Hariis","R. de Viseu 41, 3800-280 Aveiro, Portugal","psychology clinic","info@hariisclinica.com"
"TRIPLO SABER Lda.","Clube dos Galitos - Salão de Basquetebol, Av. Francisco Sá Carneiro, 3810-265 Aveiro, Portugal","psychology clinic","geral@triplosaber.pt"
"ITAPA - Instituto Terapêutico Analítico Psicologia Aveiro","R. da Guiné Bissau n.º22, 3800-018 Aveiro, Portugal","psychology clinic","geral.itapa@psicologiaveiro.pt"
"CLÁUDIA ALMEIDA | Psicóloga Clínica | Psicoterapeuta","Av. Dr. Lourenço Peixinho 105 1º D Trás, 3800-166 Aveiro, Portugal","psychology clinic","claudia.almeida@saude-psi.pt"
"Hey Sunday - Brunch Restaurant","Av. João das Regras 62, 3040-256 Coimbra, Portugal","restaurant","info@heysunday.pt"
"Salatina - Brunch Restaurant","Rua do Brasil 189, 3030-175 Coimbra, Portugal","restaurant","info@salatina.pt"
"Cervejaria Praxis","Rua António Gonçalves 28/29 Santa Clara, 3040-375 Coimbra, Portugal","restaurant","coimbra@praxis.pt"
"Restaurante O Mercado","Mercado abastecedor, 3045-045 Taveiro, Portugal","restaurant","ritacoliveira@live.com.pt"
"Restaurante Dux - Petiscos E Vinhos","R. Gen. Humberto Delgado nº 448, 3030-327 Coimbra, Portugal","restaurant","duxpetiscos@duxrestaurante.com"
"Outbêco Coimbra Restaurante","Rua do Brasil 83, 3030-175 Coimbra, Portugal","restaurant","contacto@outbeco.pt"
"Restaurant Jardim da Manga","R. Olímpio Nicolau Rui Fernandes, 3000-303 Coimbra, Portugal","restaurant","restaurante@jardimdamanga.pt"
"Sabor & Arte (Olivais)","Rua doutor fernandes martins, lote 19 loja tz, 3030-300 Coimbra, Portugal","restaurant","geral@saboreartecoimbra.com"
"Restaurante O Palco","Av. Dom Afonso Henriques, 3000-011 Coimbra, Portugal","restaurant","reservas@o-palco.pt"
"Sushicome Coimbra","R. Dom João III 83, Fonte da Cheira, 3030-329 Coimbra, Portugal","sushi restaurant","comercial@xiaoxiong.pt"
"Restaurante Napolitano","Estrada da Beira 511, 3030-173 Coimbra, Portugal","sushi restaurant","geral@restaurantenapolitano.pt"
"Japonês","Av. Dom Afonso Henriques 34, 3000-009 Coimbra, Portugal","sushi restaurant","info@japones.pt"
"Restaurante Toscana","Av. Cónego Urbano Duarte 6, 3030-315 Coimbra, Portugal","pizzeria","geral@res-toscana.com"
"Pizzaria Mia Bella","R. Flávio Rodrigues 57, Celas, 3000-550 Coimbra, Portugal","pizzeria","geral@miabellapizza.pt"
"Sal's Pizza","7623 Sheridan Rd, Kenosha, WI 53143, USA","pizzeria","salspizzaplace@aol.com"
"Churrasqueira Braza - Alma Shopping","R. Gen. Humberto Delgado 202/211 loja 401, Fonte da Cheira, 3030-327 Coimbra, Portugal","burger restaurant","contacto@braza.pt"
"Avô Martinho","Tv. R. dos Aviais, 3045-279 Coimbra, Portugal","burger restaurant","scardoso@espacodecontas.pt"
"Amsterdam Smash Burger","Av. Antero de Quental 5 loja 2, 2625-221 Póvoa de Santa Iria, Portugal","burger restaurant","vel.%5Cnbrunolima2021@yahoo.com"
"Chick'n Esperto","Calçada São Sebastião 9, 3000-375 Coimbra, Portugal","burger restaurant","geral@chickenesperto.com"
"Someburger","745 E 11th St, Houston, TX 77008, USA","burger restaurant","Someburger@outlook.com"
"Leff's Lucky Town","7208 W State St, Wauwatosa, WI 53213, USA","burger restaurant","info@leffs.com"
"Café Santa Cruz","Praça 8 de Maio, 3000-300 Coimbra, Portugal","cafe","geral@cafesantacruz.com"
"Proteína Cafetaria - Coimbra","Parque do Choupalinho Parque Verde do Mondego, Rotunda das Lages, 3041-901 Coimbra, Portugal","cafe","info@cafe.de"
"Farmhouse Coffee & Ice Cream","29936 W 12 Mile Rd, Farmington Hills, MI 48334, USA","cafe","amanda@farmhousecoffeeandicecream.com"
"Tru Bru Coffee","7626 E Chapman Ave d, Orange, CA 92869, USA","cafe","hello@trubrucoffee.com"
"Atomic Coffee","401 S Main St, Royal Oak, MI 48067, USA","cafe","jwhanna@hannaventures.com"
"The Sparrow Bakery Northwest","2748 NW Crossing Dr #110, Bend, OR 97701, USA","cafe","info@thesparrowbakery.net"
"Sola Coffee Cafe","7705 Lead Mine Rd, Raleigh, NC 27615, USA","cafe","Colin@solacoffee.com"
"The Daily Planet Cafe","121 W Jones St, Raleigh, NC 27601, USA","cafe","dpc@rockytopcatering.com"
"Red Apple Cafe","488 W Herndon Ave, Fresno, CA 93650, USA","cafe","contact@redapplecafe.com"
"Corner Bakery Cafe","8464 N Friant Rd, Fresno, CA 93720, USA","cafe","Press@CornerBakeryCafe.com"
"Centro Norton de Matos","R. Vasco da Gama 58, 3030-074 Coimbra, Portugal","bar","cnm@cnm.pt"
"ibis Coimbra Centro","Avenida Emidio Navarro N° 70 Edificio Topazio, Nº De Registo:281, 3000-150 Coimbra, Portugal","hotel","H1672@accor.com"
"Stay Hotel Coimbra Centro","Av. Fernão de Magalhães 199, 3000-176 Coimbra, Portugal","hotel","coimbra@stayhotels.pt"
"Riversuites","Av. João das Regras nº82, 3040-256 Coimbra, Portugal","hotel","geral@riversuites.pt"
"Hotel Mondego","Largo das Ameias nº 1-4, 3000-024 Coimbra, Portugal","hotel","info@hotelmondego.com"
"Hotel Vila Galé Coimbra","R. Abel Dias Urbano 20, 3000-001 Coimbra, Portugal","hotel","portugal.reservas@vilagale.com"
"Conímbriga Hotel do Paço","R. Francisco de Lemos 43, 3150-142 Condeixa-a-Nova, Portugal","hotel","geral@conimbrigahoteldopaco.pt"
"Sapientia Boutique Hotel","R. José Falcão, 3000-062 Coimbra, Portugal","hotel","hello@sapientiahotel.com"
"Hotel D. Luís - Coimbra","Rotunda Ponte Rainha Santa Isabel, 3040-091 Coimbra, Portugal","hotel","geral@hoteldluis.pt"
"Parque de Campismo Municipal de Coimbra - Ar Puro Camping Coimbra","Rua da escola, R. Alto do Areeiro, 3030-011 Coimbra, Portugal","hotel","%20geral@coimbracamping.com"
"Hotel Vitória","Rua da Sota 13, 3000-392 Coimbra, Portugal","hotel","reservas@hotelvitoria.pt"
"Hotel Astória","Av. Emídio Navarro 21, 3000-150 Coimbra, Portugal","hotel","astoria@almeidahotels.pt"
"Penedo da Saudade - Suites & Hostel","Av. Dr, Av. Marnoco e Sousa 18B, 3000-271 Coimbra, Portugal","hotel","stay@penedodasaudade.pt"
"Quinta Dona Iria","R. Central 35, 3220-336 Rio de Vide, Portugal","hotel","hello@quintadonairia.com"
"HI Coimbra – Pousada de Juventude","R. Dr. Henriques Seco 14, 3000-145 Coimbra, Portugal","hotel","coimbra@movijovem.pt"
"Celas Dream Studio","R. Parreiras 34 3E, Celas, 3000-326 Coimbra, Portugal","hotel","booking@celasdreamstudio.com"
"Serenata Hostel & Suites","Largo da Sé Velha 21 23, 3000-383 Coimbra, Portugal","hostel","info@serenatahostel.com"
"Pharmacia Guest House","Rua Ferreira Borges 135_139 Region PT, R. Ferreira Borges 135, 3000-180 Coimbra, Portugal","guesthouse","geral@pharmaciaguesthouse.pt"
"República Guest House","R. Padre António Vieira 3, 3000-315 Coimbra, Portugal","guesthouse","geral@republicaguesthouse.pt"
"King's Guesthouse - Coimbra","R. da Louça 44, 3000-243 Coimbra, Portugal","guesthouse","reservas@kingsguesthouse.com"
"Alta Guesthouse","R. João Jacinto 33, 3000-225 Coimbra, Portugal","guesthouse","airbnb@conselhosesugestoes.com"
"Ericeira SoulSurfers Guesthouse","R. Guiomar Carvalho Miranda 56, 2655-446 Ericeira, Portugal","guesthouse","office@ericeira-soulsurfers.at"
"Sónia’s Guesthouse","R. Vasco Botelho do Amaral 9, 1500-616 Lisboa, Portugal","guesthouse","info@soniashouses.com"
"In | Motu - Saúde em Movimento. Clínica de Saúde, especializada nos hábitos de vida. Fisioterapia e Nutrição!","Praceta José de Campos Contente 229, 3040-005 Coimbra, Portugal","physiotherapy clinic","geral@inmotu.pt"
"Centro de Reabilitação de Coimbra","R. Rodrigues Gusmão 40, Celas, 3000-345 Coimbra, Portugal","physiotherapy clinic","geral@crcoimbra.pt"
"FISIOSFERA","R. Bernardo de Albuquerque 8B R/C Esq, Celas, 3000-070 Coimbra, Portugal","physiotherapy clinic","geral@fisiosfera.pt"
"Clínica Joaquim Coutinho","Rua D.Ernesto Cena de Oliveira nº 22, R. Dom Ernesto Sena de Oliveira nº22, 3030-378 Coimbra, Portugal","physiotherapy clinic","geral@clinicajoaquimcoutinho.pt"
"Escoliose Portugal","R. Eng. Jorge Anjinho 2 Loja 5, 3030-482 Coimbra, Portugal","physiotherapy clinic","geral@escolioseportugal.com"
"Mental Health Clinic Isabel Henriques","Urb. Quinta da Lomba, R. Padre António Nogueira 5 r/c direito fração B, Gonçalves, 3030-416 Coimbra, Portugal","physiotherapy clinic","admin@isabelhenriques.com"
"WELVY - Centro de Treino, Saúde e Bem-Estar","R. Francisco Sá Carneiro 140, Celas, 3000-194 Coimbra, Portugal","physiotherapy clinic","welvyness@welvy.pt"
"Instituto de Cirurgia Reconstrutiva Prof. Doutor Abel Nascimento","Edifício Idealmed Piso 1, Praceta Robalo Cordeiro, 3020-479 Coimbra, Portugal","physiotherapy clinic","an@abelnascimento.net"
"Diocesan Caritas of Coimbra","R. Dom Francisco de Almeida 14, 3030-382 Coimbra, Portugal","physiotherapy clinic","caritas@caritascoimbra.pt"
"Spine Center","Edificio Diaton - Piso 3 Urbanização Espirito Santo, Calçada Gato 2, 3000-199 Coimbra, Portugal","physiotherapy clinic","geral@spinecenter.pt"
"Joana a Terapeuta... e a Mãe! - Coimbra - Terapia da Fala, Terapia Ocupacional, Psicologia, Osteopatia Pediátrica","Alameda Calouste Gulbenkian, Centro Comercial Primavera, Lote 7, Piso -2, Loja 34, Celas, 3000-092 Coimbra, Portugal","physiotherapy clinic","geral@joanaaterapeutaeamae.pt"
"CLINIC4YOU - CLINIC OF VARZEA, LDA","R. António Gonçalves 9/10/11/12, 3040-373 Coimbra, Portugal","dental clinic","info@clinic4you.pt"
"Clínica Dentária Inês Nina","Avenida dr, Av. Mendes Silva n. 289, 3030-103, Alto de São João, 3030-397 Coimbra, Portugal","dental clinic","geral@clinicainesnina.pt"
"Dental Clinics GanhaSorriso","Urbanização Faia Nova, Lote B3, Loja A, 3150-152 Condeixa-a-Nova, Portugal","dental clinic","geral@ganhasorriso.com"
"Oral Project Coimbra","R. Carlos Seixas 98, 3030-790 Coimbra, Portugal","dental clinic","coimbra@oralproject.pt"
"Santa Magdalena","Av. José Bonifácio de Andrade e Silva 1 Loja 048, 3040-389 Coimbra, Portugal","dental clinic","clinicacoimbra@santamadalena.pt"
"Clínica Avenida MD","Av. Dom Afonso Henriques 134 R/C Frente Direito, 3000-009 Coimbra, Portugal","dental clinic","geral@avenidamd.pt"
"Clínica Conimbriga XXI","Urbanização Nova de Conímbriga 2 B14 Rch Esq, 3150-230 Condeixa-a-Nova, Portugal","dental clinic","geral@conimbriga21.pt"
"Orisclinic - Centro Integrado de Medicina Dentária de Coimbra","R. Dr. António José de Almeida 82 R/C A - D, 3000-041 Coimbra, Portugal","dental clinic","geral@orisclinic.com"
"Clínica dentária Santa Zita","Estrada da Beira 6, 3030-173 Coimbra, Portugal","dental clinic","clinicasantazita@clinicasantazita.pt"
"Clínica Prisma","R. Pêro Vaz de Caminha 19, 3030-200 Coimbra, Portugal","dental clinic","geral@clinicaprisma.pt"
"Clínica Delille - Clínica de Medicina Dentária e Cirurgia Oral","R. Monsenhor Augusto Nunes Pereira 3030, 3030-779 Coimbra, Portugal","dental clinic","geral@clinicadelille.pt"
"Clínica Dentária OralMED Coimbra","Av. Fernão de Magalhães 264, 3000-176 Coimbra, Portugal","dental clinic","coimbra@oralmed.pt"
"Clínica Dentária Sónia Alves","Rua Virgílio Correia, 1, R/Ch, 3000-413 Coimbra, Portugal","dental clinic","geral@soniaalves.com"
"Dentalfresh, crl","Largo Cruz de Celas 4 2°, sl 19, Celas, 3000-132 Coimbra, Portugal","dental clinic","dentalfresh@dentalfresh.pt"
"Ofidia - clínica médica","R. Edmundo Bettencourt 26b, Celas, 3000-606 Coimbra, Portugal","dermatology clinic","info@ofidia.pt"
"Intercir - Centro Cirurgico de Coimbra, S.A.","R. Dr. Manuel Campos Pinheiro 51, 3045-089 Coimbra, Portugal","dermatology clinic","centrocirurgico@ccci.pt"
"CLÍNICA DE PSICOLOGIA E PSICOTERAPIA","R. Avelar Brotero 18 2ºEsq, Fonte da Cheira, 3030-317 Coimbra, Portugal","psychology clinic","geral@clinicadepsicologiaepsicoterapia.pt"
"Clínica Sara Serra","Urbanização Nova de Conímbriga 2 B10 Fração C, 3150-232 Condeixa-a-Nova, Portugal","psychology clinic","geral@saraserra.pt"
"Espaço CAlmaMente","R. Vale das Flores n⁰ 59, 1⁰H, Alto de São João, 3030-486 Coimbra, Portugal","psychology clinic","geral@espacocalmamente.pt"
"Clínica Social de Condeixa-a-Nova","R. Dona Maria Elsa Franco Sotto Mayor Loja 22, 3150-133 Condeixa-a-Nova, Portugal","psychology clinic","geral@clinicasocial.pt"
"Drª Ana Duarte Coimbra - IFS","3030-502 Coimbra, Portugal","psychology clinic","geral@anaduartecoimbra.pt"
"Neyla Camilla Videira | Espaço PsicoVida","Av. Calouste Gulbenkian 9 segundo piso, sala 10, Celas, 3030-092 Coimbra, Portugal","psychology clinic","contacto@psicovida.pt"
"Empower Me - Orientação Profissional e Vocacional","Edifício Estádio, R. Dom João III 12, Fonte da Cheira, 3030-329 Coimbra, Portugal","psychology clinic","hello@empowerme.pt"
"Instituto Medicina Integrativa - Dr. Diogo Amorim, Lda","R. Augusto Filipe Simões 19, 3000-186 Coimbra, Portugal","psychology clinic","geral@medicinaintegrativa.pt"
"IPPC - Instituto Português de Psicoterapia Corporal","Rua Olivença nº 11 Edifício Topázio 7º Andar – Sala 703, 3000-306 Coimbra, Portugal","psychology clinic","ippc@ippc.pt"
"Psike - Psicologia, Saúde e Educação - Consultório em Coimbra","R. António Gonçalves 51, 3040-375 Coimbra Loja 4 - Psike, 3040-375 Coimbra, Portugal","psychology clinic","info@psike.pt"
"Psibilitar - Gabinete de Psicologia","Urbanização Quinta das Lágrimas, R. Cano dos Amores Lote 9 Loja 4, 3040-382 Coimbra, Portugal","psychology clinic","geral@psibilitar.pt"
"Ana Marques - Clinica de Psicologia e Saúde Mental","Av. Calouste Gulbenkian 9 sala 21, Celas, 3000-092 Coimbra, Portugal","psychology clinic","geral@anamarques.pt"
"O TEU LUGAR - CLÍNICA DE PSICOLOGIA","R. São Teotónio 39 sala 2, Celas, 3000-377 Coimbra, Portugal","psychology clinic","geral@oteulugar.pt"