Business Name,Phone
"Restaurante O Bairro","234 338 567"
"Maré Cheia","234 384 030"
"A Nossa Casa","234 080 135"
"Tasquinha da Ria","234 369 525"
"3800","928 285 572"
"Salpoente","234 382 674"
"Bacalhau & Afins","916 235 226"
"Tasca do Sal","234 096 267"
"O Legado da Ria","234 423 546"
"Restaurante Picota","234 421 538"
"Cais do Pescado","234 425 066"
"Subenshi Sushi","915 484 331"
"António's spot","910 001 040"
"Necas' House","234 423 781"
"Solar do Bacalhau - Aveiro","234 331 061"
"Cais da Tosca","961 972 737"
"Leitão de Levira","234 421 073"
"Adega Típica O Telheiro","234 429 473"
"Mercantel","969 673 984"
"Portofino Ristorante","234 045 061"
"Pizzarte","234 427 103"
"Pulcinella Pizzeria","915 235 591"
"Casa Mia","234 482 192"
"Pizzaria do Nosso Bairro","234 093 748"
"Dolce Pizzeria Ristorante","926 972 330"
"Bonanza - Trattoria","965 355 080"
"Pizzeria Rimini","234 421 750"
"Mr.Pizza","234 410 100"
"La Grotta","234 054 174"
"Pizza Jaime","234 348 085"
"LA MAMAROMA","910 580 173"
"Ristorante San Marco","234 070 864"
"Yeah Aveiro","234 348 041"
"Telepizza Aveiro","234 381 800"
"Pizzburguer","234 420 342"
"Patrono Pizza","234 306 550"
"Food Kor'T","920 044 923"
"Plazza Forneria","910 119 451"
"Clandestino by Salpoente","234 483 185"
"M Bakery Aveiro","234 048 911"
"Gelataria/Cafeteria Milano","968 270 657"
"Coffeebreak","914 760 713"
"Monlou, Cake and Coffee House","234 041 511"
"NATA Lisboa - Aveiro","924 920 026"
"Urban Spot","933 992 953"
"Café a Barrica","234 426 768"
"Bastardo Coffee Roasters","911 722 700"
"Macaca Café","234 421 705"
"Brigs","918 257 447"
"BEMA brunch•coffee","234 106 510"
"Café Convívio","234 195 699"
"Café Central - Snack-Bar","937 755 030"
"Dolce Cata (Argentine Café)","967 735 674"
"Maria Pitanga Açaiteria - Aveiro","234 338 061"
"Confectionery Pastry Ramos","234 423 289"
"Café Amizade","967 077 631"
"Maarkos - Waffle Bubble & Pancake House","234 490 065"
"Dom Café","234 048 972"
"Alavarium Cocktail Bar","918 489 986"
"The Iron Duke Pub","234 133 922"
"The Foster Pub","963 768 229"
"Terraço Aveiro","934 090 353"
"Maria Lounge Bar","234 136 499"
"Luxor Lounge Bar Shisha","234 092 994"
"Casa de Chá","234 043 684"
"Martin's Bar","234 117 601"
"Boteco Aveiro","234 057 129"
"Toc'Aqui Jazz Bar","234 048 479"
"Ricardo's Wine Bar","925 351 542"
"Bodegas Bar","935 273 846"
"Refúgio do Drinks","234 423 191"
"Dokk Club","234 048 924"
"Hotel das Salinas - Grupo Alboi","234 404 190"
"Meliá Ria","234 401 000"
"Hotel Aveiro Palace","234 421 885"
"Hotel Moliceiro - Aveiro","234 377 400"
"Hotel Afonso V & SPA","234 425 191"
"Hotel Jardim","234 426 514"
"Hotel Imperial","234 380 150"
"VENEZA HOTEL","234 404 400"
"Aveiro Rossio Bed & Breakfast","932 099 346"
"Pousada Ria - Aveiro","234 860 180"
"Suites & Hostel Cidade Aveiro","234 376 150"
"Urban City","910 347 559"
"José Estêvão Hotel","961 260 255"
"1877 Estrela Palace Hotel","234 033 563"
"Family House","918 652 892"
"Hotel Palmeira","234 422 521"
"Magnolia Inn","928 163 222"
"HI Aveiro – Pousada de Juventude","234 482 233"
"Aveiro Rossio Hostel","964 398 194"
"Aveiro Beach Hostel","936 999 465"
"Yellow Inn Aveiro","966 372 989"
"Aveiro House - City Center Hotel Ria view Rooms","912 950 863"
"Guest House DML","916 249 424"
"Peters Guesthouse","919 353 135"
"Fernando Guest House","935 405 315"
"Baga de Sal Wine Guesthouse","234 185 512"
"Sol D'Ouro Guesthouse","916 285 924"
"Queen of Aveiro","234 426 941"
"Latina | Pastelaria Central SCP Lda","968 941 334"
"Padaria Ria Pão","234 424 361"
"Pastry Flor de Aveiro","234 343 342"
"Pastelaria Rossio","234 424 653"
"Flor São Bernardo","234 343 993"
"DOCE MOLICEIRO","234 426 776"
"Pastelaria Vera Cruz","234 045 907"
"Confeitaria Peixinho","916 490 676"
"Pastelaria Veneza","915 835 565"
"Arte Doce","234 381 103"
"Ria Parque","234 420 006"
"Venepão","234 426 972"
"Pastelaria Duquesa","234 423 575"
"Flôr Quinta do Picado","234 383 800"
"Doce Aveiro","234 420 259"
"Olho d'Ouro","234 185 587"
"Padaria Lusitana","234 342 680"
"Maximus Hair Club","938 771 775"
"STUDIO SP - Aveiro","938 234 126"
"Hairtz","910 529 165"
"Studio Ana's Cabeleireiros & Extensões Mega Hair Premium - Aveiro Portugal","936 998 975"
"Jean Louis David Aveiro","234 244 636"
"Urban Studio Cabeleireiros Centro de Estética","234 421 799"
"Susana Lopes - Hairstylist","234 386 136"
"Eighty One","914 714 800"
"Félix Cabeleireiros, Lda.","234 313 569"
"Espaço da Beleza Paula Duarte","910 026 594"
"Dream.Aveiro Beauty Studio - Cabeleireiro Aveiro","915 791 039"
"Luxus Hairstylist","925 658 379"
"Helder Pereira Cabeleireiros","926 248 617"
"Jeily D'Arc Concept","961 056 185"
"Sector C","234 428 098"
"Beautē - Hair, Makeup & Self Care","932 047 411"
"Cláudia Oliveira Studio Hair","924 713 808"
"Iluminar Hair & Beauty","913 809 718"
"Magno's Visagist Style","914 148 015"
"""Cais da Beleza""","234 056 701"
"Estação BarberShop | Cortes de Cabelo e Barba","914 029 124"
"Holy BarberShop (ant. Rony Barbershop 5 Bicas)","234 096 053"
"Champions barber shop","911 772 480"
"The Point Barber Studio","910 640 871"
"Aveiro’s BarberShop","912 240 577"
"Barber Shop António E Mané","234 428 889"
"Camazo Barbershop","924 711 734"
"Don Juan Barbearia","910 587 649"
"The Royal Barber Shop","918 733 275"
"O Barba | Barbearia","914 852 650"
"80's Barbearia","965 332 186"
"1920 BarberShop - Aveiro Center","234 112 276"
"Barber shop Arcos Unipessoal Lda","234 382 195"
"Forja barbearia","926 770 782"
"Spartan Barbearia Aveiro","960 327 603"
"Black Gold Barber Academy","924 680 555"
"Barbearia Sr Reis | Aveiro","934 308 319"
"Espaço Santiago - Aveiro","938 162 855"
"Fada Studio | Beauty Bar Aveiro","300 505 149"
"MarinaStar.nails","934 677 249"
"Studio Gabriela Clemente - Nail Designer","912 025 329"
"Nails 21 Aveiro","966 915 324"
"Pureskin","966 499 787"
"Ju Nails Aveiro","928 148 887"
"My Beauty Point Aveiro","911 749 043"
"Pink Moments.PT - Centro de Estética By Leska","929 053 702"
"Intention Concept Portugal","914 446 942"
"IdaNails - Aveiro","912 626 564"
"Fly Studio Sp","234 423 908"
"Feel You - Centro de Estética e bem estar","914 521 244"
"E'Nails by Erika Delgado","916 553 468"
"Geane Dias Nails","928 054 027"
"Priscila Sabag - Designer de Unhas","911 085 498"
"Stúdio Ju Nogueira","914 035 023"
"Perfeit'Olhar Aveiro","911 156 543"
"Bem-Me-Quer","964 530 408"
"Jéssica Campos Beauty Academy","932 042 447"
"Beatriz Pratas Beauty Salon","927 434 323"
"Sofiya Beauty Lab","961 916 670"
"Pestanas Aveiro - Karina Bonicelli Beauty","915 858 191"
"PROUD by Harmony - Medicina Estética","234 133 333"
"Model in clinic | Onde Saúde & Beleza se encontram","932 483 581"
"Aveiro SPA","234 092 187"
"Liliana Vila Verde","932 717 201"
"The Clinique","912 062 958"
"AestheticLab boutique by Cosmetolog Viktoriia Smirnova","07 77 59 04 14"
"Salão Estética e Beleza Vera Cardoso","911 903 380"
"BodyConcept Aveiro","969 290 469"
"Pamella Laine - Beauty and Wellness | Esteticista em Aveiro | Limpeza de pele | Microagulhamento | Drenagem Linfática","961 858 844"
"Giselle Reixach | Beauty & Academy","912 002 457"
"Body Luxury Clinic","234 323 214"
"Katiana Ferreira Centro de Estética","915 529 397"
"Murad Clinic — Harmonização Facial e Medicina Estética","915 069 023"
"Silhueta Sublime - Clinica de Saúde e Estética Avançada","916 799 372"
"ÔLinda Estética e Bem Estar","926 511 005"
"Moments SPA Aveiro","234 245 630"
"Massage Therapy Aveiro - Namaste Massagem Aveiro","910 770 877"
"Salinário - Cale do Oiro","915 661 480"
"Elements","911 771 388"
"Champa Thai Massage","910 847 099"
"Clínica Essenza Aveiro. Saúde e Bem-estar","928 308 257"
"Ganna Massagem","914 812 392"
"Quinto Fit & Spa","913 814 189"
"Lumina Spa Aveiro","912 088 426"
"In Gold Hotel & Spa","234 690 170"
"Essencia- Saúde e Bem Estar","967 943 423"
"Beauty Flowers Spa","928 253 981"
"Restaurante Solar do Bacalhau","239 098 990"
"Restaurante Sete","919 138 777"
"Terraço Da Alta","927 318 578"
"Arcada Comes e Bebes","919 274 191"
"A Cozinha da Maria","911 533 126"
"Restaurante O Palco","938 451 205"
"Coisas DA LENA","912 002 238"
"Restaurante Nacional","239 829 420"
"Restaurante Tapas nas Costas","239 157 425"
"Dux Taberna Urbana","239 093 723"
"Italianino","939 651 086"
"Restaurante Refeitro da Baixa","963 704 038"
"Restaurante No Tacho cozinha portuguesa","911 925 961"
"Bresca Coimbra","967 635 585"
"Restaurante O Mimo - Prato do dia","239 823 341"
"Passaporte Coimbra","239 600 138"
"Restaurante Maria Portuguesa","925 344 924"
"Boutique - Tapas & Petiscos","916 181 770"
"Calma Tavern","239 820 213"
"Restaurante Tasquinha da Saudade","916 382 177"
"La Piccola Cucina Italiana Pizza E Pasta","920 452 766"
"Pizzaria Mia Bella","239 157 320"
"Pizzaria Eurotropico","239 484 904"
"Da Vinci l'arte della pizza","934 202 873"
"Restaurante Il Tartufo","239 820 546"
"Restaurante Osteria 44","910 588 187"
"La Piccola Cucina Italiana Pizza E Pasta Coimbra","920 675 389"
"La Divina's Pizzeria","239 093 914"
"Fixe Pizza","239 066 936"
"Divone Pizzaria","935 662 843"
"Pizzeria da Al Pachino","935 555 332"
"A Variante","239 963 886"
"Star Kebab & Pizza Coimbra 🍔🍕🍗🍻☕️","920 024 035"
"Mr.Pizza","239 826 666"
"Tarantella Coimbra","967 285 366"
"Mr.Pizza","239 703 777"
"Mr.Pizza","239 810 044"
"Allô Pizza / Allô Grill","239 840 400"
"Café Santa Cruz","239 833 617"
"Nau Coffee - Specialty Coffee & Brunch","934 775 638"
"Galeria Bar Santa Clara","239 441 657"
"Salatina - Brunch Restaurant","239 723 181"
"Café Avenida","239 715 609"
"Hey Sunday - Brunch Restaurant","239 440 009"
"Kroisant - Brunch Restaurant","239 152 004"
"Café Concerto Coimbra","918 154 381"
"Café Rynok","939 204 696"
"Café Restaurante Nicola de Coimbra, Lda","239 094 066"
"Cafetaria Coimbra Doce","239 836 115"
"Cafetaria Mónaco","239 403 206"
"Briosa Coimbra","239 821 617"
"Café Atenas","239 826 867"
"Zaza Café Bar","918 080 804"
"Café S. José","239 402 190"
"O Nosso Café","239 712 187"
"The Murphy's Irish Pub","239 829 307"
"Quebra Bar","239 841 174"
"What's up Doc Bar","916 737 611"
"Cabido Bar, Lda.","239 842 377"
"Coimbra Ó Porto","915 392 824"
"Noster Taberna & Wine Bar","911 735 293"
"Liquidâmbar","962 489 489"
"Piano Negro","918 361 594"
"Pinto","239 821 270"
"Bar Wellcome","912 773 651"
"Arco Bar","239 041 193"
"Claustro Bar","239 041 416"
"Loop","912 838 337"
"Pregos & Co | Restaurant & Cocktail Bar","924 882 183"
"ibis Coimbra Centro","239 852 130"
"Stay Hotel Coimbra Centro","239 855 500"
"Hotel Mondego","239 496 239"
"Hotel Oslo Coimbra","239 829 071"
"ZERO Box Lodge Coimbra","966 290 815"
"Solar Antigo Luxury Coimbra","969 374 875"
"Hotel Vitória","239 824 049"
"Casa São Bento","239 006 919"
"Hotel Coimbra Aeminium, Affiliated by Meliá","239 480 800"
"Pharmacia Guest House","969 007 551"
"Hotel Quinta das Lágrimas","239 802 380"
"Avenue Garden GuestHouse (AL) - Suítes","960 260 600"
"Hotel Astória","239 853 020"
"Hotel NH Coimbra Dona Inês","239 855 800"
"B&B HOTEL Cantanhede Coimbra","231 410 220"
"Hotel Botânico Coimbra","239 405 124"
"Five Senses Hostel","960 265 526"
"Riversuites","239 440 582"
"COIMBRA CITY CHARM","913 489 001"
"Moderna","239 825 413"
"Coimbra Portagem Hostel","239 600 134"
"Change The World Hostels - Coimbra - Almedina","914 389 808"
"HI Coimbra – Pousada de Juventude","239 829 228"
"Serenata Hostel & Suites","931 920 121"
"Guest House Santa Clara - Coimbra","936 961 479"
"Guesthouse Coimbra City","239 825 400"
"Jantesta Guest House","967 708 102"
"NN Guest House","913 079 746"
"Vila Julieta Guesthouse","962 037 884"
"Guest House Infante Dom Henrique","239 822 142"
"GUESTHOUSE A. L. Lusa Atenas","239 826 412"
"Quarto & Pasta Guesthouse","913 303 723"
"Arco Iris","239 833 304"
"Pastelaria Vénus","239 483 697"
"Pastelaria Penta","239 823 571"
"Pastelaria Universidade","239 070 126"
"Afonso","239 781 057"
"Café Confeitaria Doce Meu","239 133 998"
"Moinho Velho","964 793 645"
"Pastelaria Visconde","239 094 471"
"Pastel do Dani","239 431 193"
"Avô Martinho","239 981 524"
"Pastelaria Sirius - Coimbra","239 823 207"
"Padaria Pastelaria Sabor E Arte","239 046 398"
"Pastelaria Serenata","239 152 715"
"Café Pastelaria Toledo","239 837 720"
"Flôr de Santa Apolónia","239 430 649"
"Padaria Pastelaria Flor da Espadaneira lda","239 440 868"
"Nostra Confeitaria","239 197 706"
"Bakery Pastry Conchada Flower Lda","239 825 059"
"Celas Hair Studio","239 077 187"
"Glamstudio Cabeleireiro by Daniela Marques Coimbra","910 767 746"
"Iva Cabeleireira | Especialista em Cachos","965 189 980"
"Fernando Polidoro - Studio Glow","917 496 039"
"STUDIO T HAIR CONCEPT","968 847 571"
"Luana Araújo Salão Brasileiro","935 125 249"
"HD&GS By Corinne Vieira","239 913 354"
"Jean Louis David Fórum Coimbra","239 812 838"
"Kátia Scerbika Hair Studio","913 252 212"
"Guilherme Lucas Cabeleireiros","918 383 952"
"Ilídio Design Cabeleireiros","239 701 516"
"Eric Stipa by Nela Cabeleireiros","239 701 464"
"Fabi Jordão Creative Salon","932 106 056"
"Ancora Piu Bella Beauty Center","910 036 675"
"MM SPA - CABELEIREIRO, ESTÉTICA, SPA E HEADSPA","932 077 800"
"Maísa Santos Hair Stylist","927 676 729"
"Top Style","919 876 268"
"Essência do fio, cabeleireiro, Lda","965 818 324"
"Studio Soul Cachos","934 827 693"
"Gonçalo Santos Barber Shop","915 873 855"
"Barbearia Lorde Coimbra","919 105 074"
"Barbearia Bagaça - Santa Clara","931 871 076"
"O Truque barbearia em coimbra","931 766 453"
"MR Barbearia","916 382 237"
"São José Barber Shop","932 166 982"
"Barbearia Bagaça","933 282 992"
"Barbearia Douglas Barber","961 377 816"
"Prime Cut","913 012 661"
"Chosen - Barbershop & Lifestyle","932 694 532"
"Worlds Barbershop","918 789 756"
"Duomo Barbearia - Barber Shop","966 932 788"
"Cortes de Lisboa Forum Coimbra","925 652 312"
"Cabral Barbershop | Barber in Coimbra","915 471 970"
"Mais Cortes Barbearia e Bar","912 960 317"
"Barbearia Saudade - Barber Shop","964 889 448"
"Icarosbarbershop","931 150 726"
"Sant Barbershop","916 162 075"
"Barbearia Império Breves","936 020 653"
"Nay Unhas","966 483 332"
"️ Magic Studio - Nails | Beauty | Academy","910 248 003"
"Fabianne Rodrigues | Academy & Beauty Center","935 186 769"
"Studio Amanda Gaspar Nails","912 548 851"
"Jéssica Machado Nails","922 234 641"
"Jessica Ferreira nails academy PT","915 604 300"
"YourNailsEstudio","911 787 222"
"Nails4'Us","913 266 668"
"BrunaSantosBella.Nails","935 401 583"
"Hnhitnails Coimbra","912 610 003"
"Sarah Oliveira Nails","910 852 506"
"Gloss Beauty Studio, Shop & Academy by Estela Correia","910 062 430"
"R Beauty Studio","963 326 543"
"RALEXA - Nails & Treading","913 601 324"
"Unhas D'Encanto","919 225 724"
"DANTAS-ESMALTERIAEBELEZA","913 473 747"
"Daiane Esmaltação em Gel","966 344 747"
"Studio Gi Vieira Beauty, Salão de unhas em Coimbra","920 347 888"
"Meraki Nails Studio","915 567 721"
"Nany Stein - Estheticare","968 169 717"
"Elegance Beauty","930 685 768"
"Marticarluxos - Spa e Cabeleireiro","920 051 670"
"Wonderlab Beauty studio","917 843 230"
"Camila Luzio - Beauty Studio","911 080 147"
"SUSPIRO BEAUTY LOUNGE","918 306 140"
"EWELLIN JORDÃO BEAUTY ACADEMY | Maquilhagem | Sobrancelhas | Facial | Labios | Extensão de Pestanas em Coimbra","910 375 956"
"Work to the Beauty","917 700 000"
"Beauty Wellness","961 378 829"
"Pricila Martins Beauty","964 574 174"
"Satsanga Spa Coimbra","934 876 576"
"Índigo, Centro De Estética E Spa Urbano, Unipessoal Lda.","916 488 982"
"Zenestetika","968 620 521"
"Dermstetik Coimbra","915 254 196"
"Be.U Skincare Clinic Coimbra","916 869 697"
"Candida Teixeira Estética Profissional Unipessoal Lda.","239 484 180"
"I Love Beauty","918 029 434"
"Studio Mariana Domanski Essence Beauty","912 245 463"
"BodyConcept Coimbra","239 098 527"
"Argania SPA & Beauty","936 122 861"
"Alessandra Gomes - Estética","927 069 159"
"Dermofashion, Lda","239 089 895"
"Myface Clinic - Coimbra","911 114 749"
"Purity Life - massagista Gonçalo Nuno","961 411 006"
"LifeStyle SPA","929 254 636"
"Lux Yang Therapy - Wellness Center Natur & Medical SPA","239 406 004"
"Massagem Coimbra - Harmony Waves","925 305 031"
"Massagem Coimbra - Jessy Campos Massoterapeuta","939 034 228"
"VOGA Momentos SPA","239 724 562"
"Termas Urbanas","239 810 119"
"Spa flor de lótus","916 723 372"
"ENIGMA SPA","938 148 052"
"Ayurveda spa Sara Ferreira","933 967 441"
"TERMAS DE LUSO","231 937 910"
"Di-Anna Centro De Estética E SPA em Coimbra","938 069 834"
"Greko Spa","910 929 109"
"Soraia Gonçalves Massagens","912 434 331"
"Naturawell Massages Coimbra","927 453 875"
"Restaurante Volta e Meia","233 418 381"
"Restaurante Bijou","233 434 447"
"Olaias Restaurante","937 408 125"
"Puro","912 439 030"
"Restaurant Bar Casa Havanesa","233 094 697"
"Gastrobar Acrópole","233 047 535"
"Tasca Maria - Comida Caseira","915 643 278"
"Restaurante e AL Caçarola Dois","233 426 930"
"Zagallo Steakhouse","912 770 583"
"Pregaria do Bairro","233 096 175"
"Restaurante Caçarola I","911 842 423"
"Restaurante Trinta e Dois","919 061 521"
"Feito ao Bife","961 621 839"
"A Grega","233 420 665"
"Joia","936 204 335"
"CaRRoSSeL","233 431 457"
"Picadeiro Petisqueira Moderna","928 078 053"
"Mare Nostrum","233 436 401"
"O Palheiro","913 896 060"
"Restaurante O Forninho","233 043 275"
"Pizzaria Ratolas","233 413 141"
"Pizzaria Luzzo","233 098 079"
"Gusto Pizza by Gusto DiVino","233 044 674"
"Pizzaria ""Il Camino""","233 415 289"
"Zeff Pizza","233 096 420"
"Domino's Pizza Figueira da Foz","21 010 9109"
"Pizzeria Claudio","233 427 072"
"Pizzeria TRANOI","917 961 705"
"Telepizza Figueira da Foz","233 423 505"
"Pizaria Os Sabores da Itália","914 165 003"
"Mr.Pizza","233 045 625"
"Pizzeria Encontro","233 042 114"
"Prime Coffee","911 060 147"
"A Casa da tia","233 099 574"
"Cookie House","918 328 237"
"Cafe Mercado Restaurant","913 147 861"
"Café D'el Mar","968 560 047"
"Conecta Açaí & Coffee","937 871 532"
"Café Bamboo - Snack-Bar e Pastel Brasileiro","911 575 992"
"Lotus - Cafetaria da Bina","910 895 393"
"Café Praça 18","914 418 757"
"Pastelaria e cafeteria 'Rainha'","233 429 275"
"A Pharmácia","233 094 536"
"Café São João","965 834 975"
"Dionisio","233 411 809"
"Sunset","233 412 378"
"Café Snack-Bar Mendes","969 669 781"
"El Caffe","233 434 080"
"Maresia Bar","233 433 360"
"Cocktail Bar","938 343 540"
"Shark's Irish pub","233 099 277"
"LP Bar","233 048 105"
"JET7.5 FOOD&DRINKS PRAÇA DO FORTE","912 921 062"
"Spasso Praia","233 101 203"
"Maktub Bar","963 742 395"
"Burgus - Burger & beer","233 079 033"
"Locomia Shisha & Club Figueira da Foz","928 437 406"
"Má Língua Gastrobar","912 272 022"
"Hotel Atlântida Sol","233 421 997"
"FIGUEIRA DA FOZ B&B HOTEL","233 408 190"
"Costa de Prata I","233 426 620"
"Eurostars Oasis Plaza","233 200 010"
"THE FOZ Beach Hotel","919 884 411"
"Hotel Aviz","233 422 635"
"Universal Boutique Hotel","233 090 110"
"Costa de Prata II","233 422 082"
"Vila Gale Collection Figueira da Foz","233 200 060"
"Malibu Foz Hotel","233 101 300"
"Marina Charming House","233 420 027"
"Salmanha Residence","925 882 017"
"Exe Wellington","233 426 767"
"FONTE DA FOZ","233 098 320"
"Central Guest House","233 422 308"
"Casa Pinha","919 176 153"
"Residencial Sao Juliao","233 428 123"
"FigueiradaFoz","233 422 701"
"Meeting Hostel","919 200 705"
"Hostel 402","937 708 679"
"Sport Hostel Figueira da Foz","910 732 144"
"Paintshop Hostel","916 678 202"
"UAU Hostel","932 022 521"
"Dude Beach Hostel","928 135 212"
"Mini Hostel FigueiraMar","964 915 790"
"Casa Da Figueira Da Foz","963 178 659"
"Hospedaria Areia da Foz","233 046 116"
"Hospedaria Sãozinha","233 425 243"
"GUEST HOUSE 10deAgosto","965 529 283"
"Casa Flamingo","966 447 779"
"CASA DAS ANCORAS","964 180 773"
"Green Wave Hostel","939 320 846"
"Alojamento Local Manuel da Parreira","233 422 483"
"Pensao Bela Figueira","233 429 960"
"Hospedaria Chez Odete","233 427 462"
"Buarcos Luxury Guest House","964 456 178"
"Puzzle Suites B&B","916 140 138"
"Bacharéis Charming House","928 118 877"
"Vila Branca","935 370 739"
"Hotel Aliança","233 422 197"
"Pastelaria Relógio","233 420 187"
"Bakery and Pastry Santa Maria","233 420 032"
"Império","233 422 465"
"Conchinha Doce","233 434 875"
"Doce Pecado - Snack","233 413 378"
"Pastelaria Delcar","233 094 949"
"Flôr de Canela","233 422 786"
"São Pedro","233 431 318"
"Irina & Bolos","963 476 587"
"Pastelaria Simples Cortesia","233 041 131"
"Pastelaria Rainha","233 427 100"
"Pastelaria Flor Da Gala Lda","233 431 929"
"Croissanteria da Praia","233 425 130"
"Restaurante, Come Come Salgados, Figueira da Foz.","937 592 410"
"Figueira Bar - Pastelaria, Lda.","233 424 173"
"A Nau Pastelaria Restaurante","233 415 023"
"Afhios","233 426 264"
"Meiri Gomes Studio Hair","960 262 743"
"Salão Bairrista","913 245 282"
"Gold Hair 8","233 424 071"
"Gabrielle Hairstylist","910 633 334"
"Gi Giríssimas","917 321 199"
"LUSH STUDIO","916 994 465"
"Inga Hair & Beauty Studio","967 955 289"
"Cabeleireiro Salão Brasil - Figueira da Foz","233 429 140"
"Salão Chapéu","233 422 836"
"Variações Hair & Body","916 245 492"
"Arizla Studio","939 147 412"
"Salão do Mercado","964 964 383"
"Krespo's Cabeleireiro","925 224 831"
"VINTAGE SALON","966 405 512"
"Visual Up","233 096 996"
"RUBENYVAN","928 289 740"
"Eduarda Cabeleireiros","233 420 205"
"Espaço VIP Cabeleireiro Estética","916 112 181"
"Coco's cabeleireiro - Elisabeth jorge","912 010 577"
"Barbershop “Error 404”","932 861 998"
"Barbearia Peixoto FIGUEIRA","233 435 137"
"Barber Club 31","910 090 622"
"Brazah Barbearia","931 426 788"
"Romerobarber","936 565 576"
"Barbearia Afonso","925 470 371"
"Barbearia/Salão Du'art","935 580 375"
"Monteiro barbershop","963 345 172"
"Barbearia Figueira da Foz by Men'sAura","233 070 860"
"Salão Modelo","233 429 714"
"Barbeiro Bravo","939 520 931"
"Génesis Studio - Tattoo & Barber","920 447 494"
"Studio Gilbert Oliveira","233 049 545"
"Barbearia 2000","233 098 115"
"Barbearia Moderna","233 424 260"
"A Barbeira DG Hairstylist","967 686 713"
"Barbearia S. Pedro by Luigi Amaro","968 667 902"
"Salão Forum","233 426 687"
"Barbearia Martinho","963 255 062"
"Orquidea Cabeleireiros Barbershop -Estética.","960 257 577"
"Luciana Nails Pt 🇧🇷🇵🇹 / Manicure e pedicure","933 646 462"
"Raquel Ribeiro Nail Designer","913 791 576"
"OKSI nails bar","914 141 558"
"Studio SóniaNails","932 242 587"
"Velvet studio","968 003 891"
"Natalia Nail Designer Manicure Brasileira Figueira da foz","935 829 202"
"Menina Dos Olhos - Figueira da Foz","967 582 888"
"Vitória Moura Nails Design","963 690 708"
"Kika Sousa - Figueira da Foz","968 117 681"
"Alice Oliveira Master Nail Designer","927 199 719"
"Benedita Beauty Lounge","913 507 860"
"Estúdio Bellevue Cristiana Catarro Unhas e Pestanas","965 769 100"
"Ateliê das unhas ACP","914 267 575"
"Jacqueline Sillis Nails","967 872 889"
"SandraLavoura.beautynails Especialista em pele madura|Desidratada e Luminosidade/Unhas de Gel","966 088 795"
"Centro de Estética Beatriz Ferreira","963 571 739"
"Sandra Valente | Clínica De Estética Avançada","918 528 709"
"Gabinete de Estética - L'esthétique","963 170 039"
"Beijamim Aesthetic Clinique","928 121 883"
"Viviana Dallot Makeup & Beauty","936 257 327"
"Beauty & Essence","233 431 340"
"Climage - Beleza, Estética e cuidados pessoais .","937 164 515"
"Foz Essência","930 455 297"
"Tânia Andrade - Centro Integrado de Bem Estar (Bella Dona)","961 023 123"
"Espaço T.U.A","960 009 447"
"Ju Estetica","924 065 341"
"Marina Wellness - Massagens e Terapias","910 921 595"
"Nartachê Santos | Massagem Terapêutica","932 048 736"
"Esthetic Medical Dental Corporation","937 612 692"
"Liz Beauty Concept","233 429 293"
"Ambery Spa Oasis Plaza","922 237 948"
"Hotel Sweet Atlantic SPA","233 408 900"
"Spaso Bem Estar SPA","924 266 695"
"Dymotion – Massagens & Terapias Energéticas","911 858 101"
"PADME HUM, Saúde e bem-estar","961 603 595"
"Massagem e Drenagem linfática","910 473 180"
"Ginásio Health Club Portugal","233 418 105"
"LomiLomi","935 472 518"
"Bem-Estar Joana","960 427 420"
"Quinta d'Anta - Hotel Rural","964 994 515"
"Mata Bicho Real Taverna","244 821 723"
"João Gordo","244 881 483"
"Casinha Velha","244 855 355"
"Taberna Nova","917 843 792"
"Matilde Noca","244 856 073"
"Vista Bistrô & Restaurante","936 954 145"
"Luna","244 815 977"
"Restaurante Montecarlo ""Salvador""","244 825 406"
"Restaurante Culinaris","913 253 025"
"Restaurante Atlas Leiria","917 460 810"
"Restaurante Ao Largo","244 205 521"
"Restaurante A Toca","244 832 221"
"Restaurante Decanto","934 698 821"
"Muralhas","244 032 138"
"Taberna do Anastácio","244 837 263"
"Restaurante Hotel Rural Casa da Nora","244 891 189"
"Restaurante Olive","912 648 946"
"Ferro em Brasa","244 215 996"
"Restaurante Tasca 7","962 238 621"
"Mr.Pizza","244 812 111"
"Pizzaria Manjerona Botequim | Capuchos","244 892 044"
"Pizzaria Sanremo","244 826 400"
"Pizzeria Rossini","244 811 310"
"SABOR & SPICES","923 176 322"
"Pizzaria Il Piccolo Mondo","244 833 587"
"PIZARISTA","244 130 299"
"Pizza 365& Kebab","935 795 866"
"Forno&Cia","244 217 678"
"Pizzaria Manjerona Botequim | Gândara","244 835 205"
"Mr.Pizza","244 813 666"
"Telepizza Leiria","244 822 892"
"Pizza Hut Leiria Centro","22 244 4222"
"Pizzaria Costa Verde","912 772 630"
"Minha Pizza Favorita","244 044 514"
"2P's-pizzas e petiscos","244 801 184"
"PiazzaFiamma","938 445 554"
"Brasuka Pizzaria e Restaurante","964 219 455"
"Mr.Pizza","244 246 176"
"Café 32","244 841 168"
"Casulo","913 988 831"
"Garden Café Leiria","244 824 226"
"Grand Esplanada café Leiria","961 674 596"
"Café Académico de Leiria","913 843 495"
"Café Ponto de Encontro - Café do Lelo","244 049 722"
"Square Cafe","918 795 459"
"CaféCaphe de Leiria, Steakhouse e Tapas, cocktail bar","916 232 184"
"Cafetaria Espaço Eça","244 091 950"
"Kuala - Brunch Restaurant","244 133 689"
"Café Nº 5","928 036 405"
"Café Trem","244 060 042"
"Café Torga","916 217 480"
"Café e Pão Quente ""Lis Doce""","244 047 667"
"Que Seja Brigadeiro - Confeitaria & Café","937 741 900"
"Rei Arthur Café Bistrô","244 210 028"
"Nekob Café Maroc","244 094 161"
"Os Filipes Bar","244 828 372"
"The Monkey Business Bar","918 458 960"
"Paddock","939 750 245"
"Infinity Bar Latino","919 149 959"
"Bar Patio do Barão","244 815 422"
"Bar Esplanada do Jardim","924 850 702"
"Tascadentro","244 735 042"
"SSL - Secret Society for Lovers","939 465 788"
"Emporio club","932 701 770"
"Guilt Leiria","966 684 464"
"Linha Bar","244 824 323"
"ibis Leiria Fatima","244 816 700"
"TRYP Leiria Hotel","244 249 900"
"B&B HOTEL Leiria Fátima","244 128 489"
"Eurosol Residence Hotel Apartamento","244 860 460"
"Hotel Dom Dinis","244 815 342"
"Hotel Stay Hotel","244 848 370"
"Hotel Eurosol Leiria & Jardim","244 849 849"
"Magnolia Bed & Breakfast","919 373 515"
"Monte do Mosteiro CountryHouse AL103982","967 509 790"
"Leiria Tranquil Hideaway","912 759 487"
"PINK AND BLUE Lda - Residenza Dutzu ApartHotel","926 165 578"
"La Palma Hostel Leiria","910 171 815"
"Hotel Leiria Classic","244 812 802"
"Pinhal Litoral","922 204 353"
"Castle Studios","911 966 299"
"Cargal leiria","06 58 58 77 86"
"LISOTEL - Hotel & Spa","244 820 460"
"FOREST VILLAS - GUEST HOUSE","966 447 770"
"Hotel São Francisco","244 823 110"
"Leiria Side","910 477 211"
"Most Art Boutique Hostel","913 860 575"
"Porta 20 Boutique Guesthouse","962 343 463"
"Fonte Seca Guest House","913 090 222"
"Sant'Ana Guest House","965 848 394"
"Guest House Eça - Centro Histórico Leiria","915 673 189"
"Pastelaria Flor de Leiria","244 881 059"
"Village of the Flavours","244 837 130"
"Dolce Peccato","914 330 614"
"Pastelaria LuziClara","244 833 148"
"Pastelaria Costa","244 826 348"
"Brisanorte Pastelarias","244 850 500"
"Pastelaria XODÓ","244 882 890"
"Sar&doce","244 098 215"
"Porta 203 - Padaria & Pastelaria","911 752 809"
"Mimo Doce Heritage","244 211 921"
"Brisanorte Pastelarias","244 822 235"
"Maglice - Pastry, Lda.","244 821 774"
"Pão Quente","244 831 859"
"Padaria - Pastelaria As Manas","917 981 003"
"Brisanorte Pastelarias","244 586 117"
"Melhor de Leiria","932 291 686"
"Padaria do Gordo","244 032 904"
"O Pasteleiro","244 744 650"
"O Toinito","244 840 030"
"JB HAIR CONCEPT | Especialista em Loiros | Corte | Caracóis","912 548 844"
"Coisas de Mulher | Centro Estético e Cabeleireiros de Leiria","914 448 005"
"Woman Space Cabeleireiro & Estética leiria","919 494 414"
"Origem cut hair by Giselle Cordeiro","966 300 541"
"Clau Morais - Salão de beleza em Leiria | Alisamento | Laser | Orgânico | Espelhado | Botox | Hidratação | Corte","939 273 861"
"Studio Webe Hair | Salão de Beleza em Leiria","924 872 168"
"Sandra e Ana Lopes Cabeleireiro e estética","244 724 111"
"Ana Pink . Colorist","912 004 472"
"Andrea Carla Studio Magg | Cabeleireiro","244 217 515"
"Feu Beauty Studio","935 805 089"
"Moon Beauty Bar","939 006 373"
"Visual S - Cabeleireiro e Estética","244 821 480"
"Glamour Leiria","910 870 844"
"H2o Estética Leiria","244 834 055"
"EVOLUTION Men’s Salon","911 559 774"
"Idi Bonapace - Especialista em Alisamentos / Progressiva Orgânica / Botox Capilar / Cortes / Coloração / Balayage | Leiria","965 000 071"
"Ermelinda Cabeleireiros","244 832 631"
"Beija Flor Salão de Beleza","910 220 251"
"Tosquia Cabeleireiros","967 413 315"
"Leiria Barbershop","911 844 430"
"Dr. Barber","244 233 671"
"Barba Negra Leiria","244 021 409"
"Gonçalo | Salon | Barber Shop | Tattoo","966 537 522"
"Barbearia of Brothers","912 718 845"
"BlackRazor - Barber Shop","244 062 279"
"Will Barber shop","937 412 889"
"Barbearia Corte7","936 334 241"
"Barbearia Beard Bastards","913 722 160"
"BarberShop Promessas23","939 663 354"
"Fred's - Barbearia Clássica","915 806 285"
"Cortes de Lisboa LeiriaShopping","961 682 164"
"BARBEARIA GIL BARBER LEIRIA","917 745 807"
"Bravo’s Barber Shop","965 818 576"
"Hebrom Barbearia e Estética","914 322 381"
"Barber Mike","244 212 657"
"Barbearia | Leiria | Studio DG21","914 643 152"
"António Lopes","244 023 790"
"Barbearia Ganeno - Leiria","913 918 215"
"Lanika Studio Nails Leiria","915 214 921"
"Unhas de Gel em Leiria Studio Delas","968 780 500"
"Davina Mendes Manicure na cidade de Leiria","927 645 443"
"Vanessa Nascimento manicure leiria","966 074 816"
"CR Nail Designer Leiria","969 636 703"
"Amanda Scarlett Nails & Beauty","933 322 982"
"Thalyta Avila Nail Designer","969 267 023"
"Letícia Que Faz | Lash Lifting | Brow Lamination | Nails Specialist","915 668 325"
"Studio Cris Bandeira Nails Concept","964 412 398"
"Dayane Nascimento Manicure","963 981 943"
"Sara G. Nail Designer","917 463 790"
"O Espaço da Rakkel | Estética & Aromaterapia em Leiria","911 939 151"
"Jessica Porto Nail Designer e extensão de pestanas","933 891 255"
"Vanessa Moraes Nails","967 048 048"
"Natália Oliveira Nail Academy","933 504 485"
"Nika Beauty Art - Leiria","910 536 496"
"Virtuosa Beauty Center - Salão de Beleza em Leiria | Unhas naturias, Manicure e Pedicure à brasileira","963 612 723"
"Extraordinary Beauty Skills","962 132 061"
"Glow Up - Solário n1 em Leiria ☀️","912 514 022"
"Le Beauty Studio | Cabeleireiro e Centro de Estética | Alisamento | Manicure | Esteticista em Leiria","910 696 114"
"Andreia Rodrigues - beauty and love","912 310 644"
"Perfect Woman","911 712 007"
"Studio Bella","914 433 923"
"BodyConcept Leiria","915 190 700"
"Janielle Marques | Especialista em Microagulhamento/ Limpeza de pele / Leiria","911 133 115"
"Sculpface Medical Clinic - LEIRIA","911 743 998"
"Aurum Head Spa","925 088 782"
"Esthétique Harmonie","937 881 991"
"Relevanterelax Spa, Massagens e Bem-Estar","968 696 996"
"Sense Clinic","911 557 311"
"DRA.MARIANA CINTRA","919 100 280"
"Lisderma Anti Aging Clinic – Drenagem Linfática","969 793 686"
"Clinica You Care - Medicina Estética e Emagrecimento","244 814 108"
"GLIM Leiria","910 556 126"
"Clínicas Visage - Medi-Visage - Formação Profissional, Importação E Distribuição, Lda","244 848 248"
"SkinAge Clinic","915 077 560"
"Leiriestética","914 668 547"
"REJUVEMED Leiria - Clínica Médica Hi-Tech: Estética Avançada | Transplante Capilar | Obesidade | Cirurgia Plástica Estética","244 236 929"
"Genuine Tantric Leiria - Massagem Tântrica","966 315 217"
"Nature Head Spa","965 469 048"
"SERENE - URBAN SPA","917 027 865"
"Kasullo Spaço","910 764 255"
"Espaço T","914 333 866"
"Osíris Wellness Clinic | Massagens Leiria","964 790 631"
"Hair SPA by Beatriz Brites","913 239 053"
"Mandalay Spa - Royal Óbidos","262 240 244"
"ForYourBaby - SPA, Care & Relax","937 882 247"
"Espaço Turka Zen","920 024 448"
"Edianne Massagem Leiria","920 778 270"
"Monte Real Hotel,Termas & Spa","244 618 900"
"Your Hotel & Spa Alcobaça","262 505 370"
"Camila Ferreira Massoterapeuta (ATENDIMENTO SOMENTE FEMININO)","968 622 169"
"Infinity Head Spa Leiria","910 904 621"
"Massoterapeuta","920 454 416"
"Solar dos Amigos","262 877 135"
"Restaurante Adega do Albertino","262 835 152"
"Maratona Café Restaurante","262 841 483"
"Paraíso do Coto","262 845 333"
"Restaurante Casa Antero","911 762 388"
"Restaurante Delhi Darbar","262 104 526"
"Restaurante Sabores D'Itália","262 845 600"
"Restaurante Flavours of India","936 740 633"
"Maria Xica - Brunch & Tapas","964 273 679"
"Geo Wine & Supra","914 025 995"
"Maria dos Cacos - Restaurante e Bar, Caldas da Rainha","914 128 223"
"A Casa do Bingre","961 215 535"
"Restaurante O Cortiço","262 881 328"
"Restaurante A Capelinha do Monte","262 832 031"
"Taberna do Manelvina","917 221 062"
"Restaurante ""A Mimosa""","262 832 735"
"Paneólio Pizza Bar","926 720 994"
"Cervejaria O Litro","262 406 733"
"Restaurante Real Balcão 5","912 017 112"
"Restaurante Tacho","262 831 252"
"Mr.Pizza","262 838 999"
"La Piazza Pizzeria","262 834 426"
"Razzle Dazzle Pizza & Beer","262 060 029"
"Brasilenha Pizzaria e Esfiharia","939 199 706"
"Bella Milano","262 835 440"
"Pizzeria Novo Mundo","262 842 969"
"Bowling Caldas","262 824 348"
"Telepizza Caldas da Rainha","262 823 212"
"Pizzaria Dona Branca","262 061 627"
"À JANELA","925 844 909"
"Restaurante Lisboa XL","262 833 228"
"Unique Coffee Specialty Coffee Shop","925 903 132"
"local café","968 678 076"
"Café Sedas","262 835 666"
"Citrus - Coffee & Healthy Food","262 085 945"
"Café-Pastelaria Central","262 180 147"
"Lucky flavour coffee shop","262 767 521"
"Bar Central Silos","925 194 437"
"Café Capristanos","262 823 406"
"Rocky's Caffé","916 597 906"
"Creme Caffé","262 841 393"
"Dimas Café • Caldas da Rainha","918 990 443"
"Cafe Machado","967 677 570"
"Café Cardeal","262 082 057"
"Café Rosa","262 838 428"
"Café Pic Nic","262 085 025"
"Terminal 2500","262 841 189"
"Daiquiri Bar","262 842 069"
"Cabaret Voltaire Lounge","926 370 095"
"Bar Espaco 7","913 140 239"
"Bar Walkabout","914 257 383"
"Malaica Social Club","910 043 388"
"Tiger Belly Restaurant & Bar","262 062 222"
"CAIS DO PARQUE . Garden Restaurant - Bar . Caldas da Rainha","916 671 108"
"Pateo do Baco","912 306 232"
"SANA Silver Coast Hotel","262 000 600"
"Flag Hotel Caldas da Rainha","262 109 500"
"Hotel Cristal Caldas","262 840 260"
"Nova Delpa","916 962 404"
"BE ONE HOTEL Caldas da Rainha - by MHMB Hospitality","262 839 320"
"19TILE","910 435 284"
"Hotel Dona Leonor","262 842 171"
"Caldas Internacional Hotel","262 830 500"
"D. Carlos Residencial","262 832 551"
"Olhos Pretos","262 843 001"
"Hotel Casa dos limões","936 265 540"
"Alojamento Moinho d'Óbidos","915 419 004"
"ÁGUA D'ALMA HOTEL","262 979 610"
"Hotel Pensao Concha Residencial","262 995 000"
"SilverSide Holidays","932 119 557"
"Casa dos Capinha","962 785 796"
"INATEL Foz do Arelho","262 975 100"
"Residencial Central","932 339 443"
"Hostel 4Nomads","939 059 129"
"Bordallo’s Lodge","928 020 586"
"Casa dos Poetas","939 699 717"
"Casa Do Gato","961 060 499"
"Hostel Casa do Arco","969 456 576"
"Sunshine Hostel","967 294 444"
"Casa do Sol Wellness Homestay & Coliving","938 846 216"
"Obidos Wine & Surf Hostel","262 406 948"
"Alojamento Local Monte Horeb","964 840 113"
"Casa do Moleiro, Alojamento Local","913 249 759"
"Ocean Breeze House","919 355 069"
"Pastelaria Dona Leonor","262 084 923"
"Tempus Pastelaria","262 877 176"
"Calé - Confeitaria Com Tradição","262 844 530"
"Café-Pastelaria Dominó","914 554 031"
"Café-Pastelaria Pituca Premium","937 276 734"
"Forno do Beco, Lda.","262 980 190"
"Pastelaria Baía - Rei das Cavacas","262 832 349"
"B. de Bolos - Pastelaria Criativa / Creative Pastry","912 856 975"
"Pastelaria do Zé","262 824 869"
"Pastelaria Bocage","262 149 122"
"Pastelaria Pingo de Mel","917 867 382"
"Pastelaria Docisses","913 607 723"
"Pastelaria Venezia","961 961 443"
"Doce Real - Padaria Pastelaria","262 144 443"
"Sa & Quintas Lda António Belo - sabelo. Padaria...pastelaria","262 881 196"
"Pastelaria Paris","914 849 353"
"Pretty Hair and Beauty","919 770 462"
"PINKROOM by Dora - Cabeleireiro Caldas da Rainha","912 081 500"
"Style Place Barbershop","925 194 001"
"Ana Saramago Hairdressers","262 835 758"
"Latinos Barber Shop","935 519 535"
"Barber Shop Mocho","910 726 740"
"DOPE Barber Shop","262 148 538"
"The Barber.","933 849 285"
"Barba Negra - Barbearia Caldas da Rainha","262 767 590"
"Studio culture Club","911 160 897"
"O Barbeiro - Caldas da Rainha","916 728 598"
"ALEXANDRO BARBERSHOP","913 885 638"
"Barber Shop Mocho 2","914 228 463"
"Bandos Barber","967 442 937"
"Dom Barbeiro Barbershop","915 212 197"
"LADS CAVE BARBERS","920 416 370"
"Ninja Barbershop | Caldas da Rainha","963 602 761"
"Studio M Barber","925 835 363"
"António Soares - Cabeleireiro de Homens","967 064 715"
"Reis Barbearia","960 116 858"
"BarberShop Sr. José","964 279 426"
"Lucky Anchor","262 098 653"
"Spot by Malibu","912 450 900"
"Nails Martins","938 445 538"
"HN Hit Nails - Caldas da Rainha","963 091 470"
"Cristiana Martins | Estética Nails & Makeup - Caldas da Rainha","917 992 938"
"CARLA'S NAILS","911 041 071"
"Dona Dri Beauty Studio","915 212 222"
"Eliana Ribeiro | Nail designer e Pedicure Calista","914 162 475"
"Vânia Domingos Nail Designer","913 614 277"
"Milena Trindade","960 418 700"
"The Beauty Boutique","963 468 897"
"Do your nails here | Susana leandro - Nail designer & Toothgems Profissional","913 499 468"
"Beauty Room","966 083 905"
"Juliana Nails","916 715 531"
"Yes, I am Beauty Lab","928 118 033"
"Kira-Nails","916 970 130"
"Luna Beauty Clinic","927 485 229"
"Inês Leal • Estética com Amor","917 710 951"
"Mundo de Beleza |Cabaleireira e estetica","910 160 260"
"Débora Iglesias Nail Designer","936 274 747"
"RenasSer - Terapia Capilar e Beleza","961 202 714"
"Thais Alves Lash & Beauty","928 145 204"
"Jeane Sousa Beauty | Caldas da Rainha","964 024 630"
"Clínica de Beleza Letícia Guedes","920 188 915"
"Luana Ribeiro - Alisamentos | Realinhamento| Extensão capilar","915 076 904"
"BodyConcept Caldas da Rainha","964 241 251"
"Lina Cabeleireiros Hair & Beauty Lounge","262 845 132"
"Alice | Gabinete de Estética & Bem-estar","967 659 629"
"Studio Evelyn Cris","916 571 028"
"GLÁUCIA SANTANA - BEAUTY SPACE","912 804 446"
"DERM-ALL | Medicina Estética, Dermatologia & Spa","931 844 864"
"PAULA GAVA BEAUTY","962 903 330"
"Centro de Estética Mónica Cristina - Serviços de Saúde, Beleza e Bem-Estar","262 094 229"
"Joana Casimiro - Beauty Studio","913 415 011"
"Ema Oliveira","914 268 118"
"The Wellness Clinic","935 383 160"
"All About Beauty & Health","964 238 359"
"Serenity Glow Spa","910 047 985"
"Mayan / the Experience SPA","920 283 450"
"Taverna Antiqua","249 311 236"
"Clandestino","912 071 828"
"O Tabuleiro","249 312 771"
"A Luria","967 003 076"
"Biscaia.Tomar","914 144 245"
"Tabernaculo do Rio","962 904 691"
"Sabores do Brasil Tomar","935 934 075"
"Tasquinha da Mitas","249 324 152"
"Fernandos' Brewery","249 314 014"
"Moustache Tapas Tomar","249 157 806"
"Restaurant Beira Rio","249 312 806"
"Casa das Ratas - já reabrimos!","911 598 819"
"Comer Com Amor","249 404 993"
"Restaurante Paço D'Alma","249 159 566"
"Taverna d'Talha","910 121 174"
"Bela Vista","249 312 870"
"Restaurante O Picadeiro","249 312 489"
"ADN Bistrot - Restaurante","249 316 043"
"Alpendre","919 562 990"
"Mr.Pizza","249 322 280"
"O Forno","249 322 288"
"O Siciliano - Restaurante e Pizzeria","249 324 388"
"Star Kebab & Pizza Tomar","926 640 721"
"La Bella – Restaurante Italiano, Lda.","249 322 996"
"Telepizza Tomar","249 320 320"
"Hanne Café","249 159 467"
"Café Paraiso","249 312 997"
"Café St. Iria","967 114 005"
"Café O Claustro","249 092 658"
"Arco Pub","929 152 149"
"A Canoa Wine Bar","249 313 200"
"A Quinta Bar","910 681 234"
"Refúgio","249 404 648"
"ACADÉMICO - Jogos&Chill","934 031 238"
"Lodge Restaurant","249 346 359"
"Café & Snack Bar Nabância - NOVA GERÊNCIA","927 541 048"
"Restaurant ""Noite e Sol""","249 316 312"
"Medieval Legend","249 092 980"
"Hotel dos Templários","249 310 100"
"Thomar Boutique Hotel","249 323 210"
"Estalagem de Santa Iria","910 352 620"
"Vila Galé Collection Tomar","249 249 820"
"Hotel República Boutique Hotel","249 193 400"
"Hotel Bonjardim","249 313 195"
"Casa dos Ofícios - Hotel","249 247 360"
"Hostel 2300 Thomar","927 444 144"
"Guest House","925 936 273"
"Hotel Kamanga","249 311 555"
"O Paço exclusive accommodation","910 765 737"
"Hotel Cavaleiros De Cristo - Empreendimentos Hoteleiros, Lda.","249 321 203"
"Thomar House","969 674 956"
"Family House Cup","912 739 999"
"Residencial Avenida Hostel","960 077 991"
"União - Guest House","249 323 161"
"Horta dos Cedros","963 083 188"
"Hotel Sinagoga","249 323 083"
"Pensão Residencial Luanda","249 323 200"
"Residencial Luz","249 312 317"
"ARTISTIC GUESTHOUSE","917 875 778"
"Templar Secrets House","969 510 948"
"D'El Rey Guest House","918 678 228"
"Tomar Tropical-Pastelaria, Lda.","249 314 094"
"P'tit Français","249 323 306"
"Pastelaria & Geladaria Pic Nic 3","249 324 098"
"Estrelas De Tomar","249 313 275"
"Templar Pastry Shop","249 312 830"
"Açúcar Ao Quadrado","249 405 575"
"Pastelaria Suiça","926 603 425"
"A Primorosa","916 426 604"
"Padaria Rosa","919 401 275"
"Pastelaria/Restaurante Requinte","913 193 911"
"Estética & Style Studio","926 245 858"
"MARIA VAIDOSA Cabeleireiro","965 702 873"
"Filipa Rodrigues: Cabeleireira e Estética","915 312 384"
"Haircut Idália Alberto","919 181 122"
"Joel Lopes Cabeleireiros","249 323 921"
"Novo Perfil Cabeleireiro & Estética","915 525 338"
"Spicy Beauty","249 311 699"
"Gemibells","915 383 189"
"Claudia E Mena","249 321 663"
"Vonita Cabeleireiro & Estética - Tomar","249 312 506"
"Cabeleireiro Paula Roxa","919 874 902"
"Amanda Lyg | Allure Club Estética Avançada","964 542 232"
"Glow Up - Beauty Space","910 753 236"
"Isabel Marçal Cabeleireira","919 123 903"
"Carolina Lemos Beauty","917 678 503"
"Leo Ávila Tomar","968 212 299"
"NV Beauty","912 099 354"
"Marbely Cabeleireiro","249 321 162"
"Barber Divine","932 127 737"
"Brutu's Barber Shop","911 818 400"
"WestCoast barbershop","964 682 849"
"Cinco Euro Barbers","920 501 087"
"Old Legend Barbershop","966 537 561"
"Barbearia Igor Felipe","910 273 480"
"Bruno o Barbeiro WestCoast","961 953 456"
"𝐁𝐚𝐫𝐛𝐞𝐚𝐫𝐢𝐚 𝐓𝐞𝐦𝐩𝐥𝐚𝐫𝐢𝐚","920 322 816"
"Barbearia Templária","925 753 514"
"Barbearia FuZeiro","914 731 237"
"Sousas Cabeleireiros","249 323 187"
"Mriya Nails","916 918 499"
"Irina Nails Tomar","968 486 187"
"Helena Rodriguesnail","938 730 462"
"Anne Prates nails","912 779 060"
"Sandra Nails","916 536 739"
"D&D Clinic","927 660 074"
"Delux by Cláudia","910 957 549"
"Andreia Rodrigues | Unhas e estética","927 352 775"
"Zen Spa - Tomar","919 639 482"
"Isabel Massagem, Unhas & Estética","966 744 654"
"Terra Flores SPA","937 406 388"
"Donana Beauty","932 248 638"
"Ana Evora - Estética","913 018 099"
"Maria Carvalho Terapeuta","912 388 936"
"Belinea - Day Spa, Estética e Cabeleireiros","249 316 101"
"Satsanga Spa Tomar","933 842 772"
"Espaço Tatiana, Terapeuta e Massagista","910 744 450"
"Lília Pinto Clinic & Academy","914 195 195"
"Isana Jesus-saúde e beleza - Tomar","915 291 312"
"Cátia Santos - Massagens terapêuticas","918 240 104"
"BodyConcept Tomar","914 219 737"
"Medicina Dentária - Medicina Estética Nova Imagem","964 543 133"
"Esteticista Cosy de Beauté","934 038 636"
"Corpo & Alma Clínic","919 363 074"
"Centro de Terapias Sinfonia dos Aromas","926 969 077"
"Quinta de São Pedro de Tomar","963 857 735"
"Terapeuta Mariângela Almeida","914 076 505"
"Trovadorfitness - Ginasios E Spa, Lda.","249 324 236"
"Taberna do Quinzena","243 322 804"
"Deselegante","961 381 551"
"Tascá","243 306 118"
"Restaurante Pátio da Graça","967 901 270"
"Taberna Ó Balcão","918 252 808"
"Restaurante A Grelha","243 333 348"
"Restaurante Sand's Leitão","918 638 375"
"Amassa","910 485 558"
"Casa Lusitana 2","243 154 175"
"QUINTA DO SABOR - CAFÉ & Restaurante","964 977 136"
"Sem Pressa - Bistro & Bar","936 491 245"
"Divino Sabor Brasileiro","926 012 378"
"Restaurante dois petiscos","243 095 552"
"Central Santarém","910 345 643"
"O Torgal","912 164 660"
"Namaste Santarém","920 537 455"
"Caju Cafe e Restaurante","912 102 830"
"Hamburgueria da Baixa","243 056 268"
"Mística - Cervejaria Benfiquista","938 830 008"
"Casa dos Torricados","243 096 381"
"Giulietta - Pizza & Gelato Italiano","243 306 207"
"O Pizzas de Santarém","243 108 160"
"Mr.Pizza","243 142 145"
"Di Gusto","243 325 098"
"Santarém Kebab & Pizzaria","243 321 044"
"Restaurante O Micas II","243 041 199"
"Nice Pizza","243 324 333"
"Telepizza Santarém","243 321 000"
"Belluno - Restaurante & Bar Lounge","243 013 107"
"D'Alessandria Pizzeria","910 666 888"
"Pizzeria del Mercato","916 630 710"
"Royal Kebab & Pizza","920 321 771"
"Café Portugal","243 328 229"
"Café Pereira","243 328 212"
"Café Café","243 158 622"
"Café Rufa","243 333 615"
"O Nosso Café","913 289 382"
"Kikas - Bar La Siesta","913 800 586"
"Xantarim Bar","919 881 477"
"Anaya - Bistro & Cocktail Bar","910 898 222"
"Nessie Bar.","243 106 138"
"VAULT 01","243 321 078"
"Bar Ribatejo","243 322 305"
"Café Cervejaria & Restaurante Flor do Mato","243 098 039"
"Kopivarius","967 737 385"
"Santarém Hotel","243 330 800"
"Tagus Host - Local lodging","913 476 949"
"A CASA BRAVA","912 852 261"
"Villa Graça - Hostels and Apartments","243 327 127"
"Hotel Umu","243 377 240"
"Flag Hotel Santarém","243 440 302"
"Quinta da Cabrita","910 654 263"
"Hotel Vitoria","243 309 130"
"Quinta da Gafaria","919 762 584"
"N1 Hostel Apartments & Suites","243 350 140"
"Quinta do Vale Encantado Santarém - The Valley","965 510 581"
"Casa do Loureiro Branco","910 932 106"
"Casa Xantarim","919 830 897"
"Country House Santarem","966 202 800"
"Dominio Vale Flores","927 472 132"
"Casa da Alcáçova","936 080 100"
"Quinta da Atela","243 247 648"
"Casa das Laranjeiras","936 146 406"
"Quinta Dos Anjos","963 723 927"
"Casa de Marvila - Alojamento Local","938 462 122"
"Hostel O Torneiro","914 115 867"
"Refugio do Alviela - Alojamento Local","918 974 847"
"Albergue Dois Caminhos","915 657 651"
"Albergue Solo Duro","935 640 550"
"Casa da Rainha","969 512 143"
"PATEO DO MERCADO","914 154 522"
"Quinta Da Moreira De Baixo - Turismo Rural, Lda.","253 577 787"
"Casal da Lapa","914 340 284"
"Casal das Areias","932 384 524"
"Q.R. Casas de Campo","243 248 272"
"Refúgio da Quinta Nere Maitia","243 129 020"
"Bijou 2 Pastry Shop","243 323 149"
"Bijou 3 Pastry Shop","243 329 019"
"Pastelaria Panitejo - Av. Afonso Henriques","243 322 863"
"Pastelaria Rei","243 352 509"
"Pastelaria Bijou","243 322 905"
"Fátimel","243 327 666"
"Pastelaria Monte Carlo","243 327 526"
"Cafetaria Pão Doce","243 111 257"
"Panitejo Andaluz","243 332 110"
"Pastelaria Santa Clara","243 322 300"
"Espiga Dourada","243 096 123"
"Cafetaria O Filipão","919 560 230"
"Caso Pensado","243 761 039"
"Panitejo Shopping","243 593 087"
"Menimel","243 301 191"
"Pastelaria Zely","243 370 444"
"Múcio Personal Hair","915 521 158"
"Patrícia Leite Hair Makeup Studio","913 834 803"
"New City Unisex Salon","920 355 026"
"ETC TERA Vegan Concept hair&body","910 748 586"
"Amados Cabeleireiros - Continente Santarém","243 372 023"
"Beauty Wonders","938 475 716"
"Pomar da Beleza","933 231 766"
"Studio bruna Soares","965 663 752"
"Salão Elaine Torres","932 849 733"
"Utopia concept barbearia","962 334 306"
"Studio 10 by Lilly Anna","913 679 990"
"Susete Hairstylist","917 434 065"
"Espaço Clara Rodrigues","918 375 532"
"Shanistyle barberia","920 802 425"
"BodyConcept Santarém","243 357 460"
"Sílvia Cardoso Cabeleireiros","966 212 581"
"K studio","910 902 825"
"Lisbon Style Barbershop","910 404 993"
"Olena - Hairstylist","938 461 269"
"Carica Barbershop","920 441 291"
"Dantas Barber shop","934 645 482"
"King’s Barbershop - Santarém","935 551 296"
"OLIMPO Barbershop","926 967 332"
"Mr. Barber","923 198 251"
"Invictus Barbershop","963 815 556"
"Barber Boss","243 144 047"
"Frazão Barbershop","928 262 173"
"Barbearia à Benfica - Santarém","933 478 635"
"Oriente Salon","920 227 629"
"Brother’s salon","920 169 448"
"KMA Barbearia","915 870 522"
"Ghuman Barber shop","920 411 689"
"Hugo Sanches Barbershop","963 457 177"
"Barbearia Louro","963 526 987"
"CASABLANCA BARBEARIA","243 095 959"
"Raiane Almeida Estética & Nails","926 007 237"
"Juliana Nails","916 145 718"
"Soul-Zen Estética","911 995 587"
"the pinaxii nails salon","920 595 939"
"Rita Assunção - Atelier de Estética & Formação","912 959 914"
"Express Studio","916 011 544"
"Filipa Canelas Estética Profissional","912 469 879"
"Ana Guilherme - Beleza & Bem Estar","928 127 655"
"Carolina Dinis Beauty Studio","910 699 254"
"Márcia Veiga Estúdio de Estética","913 239 542"
"ScalBeauty Estética Avançada","910 664 426"
"Top Nails & Company by Filipa Emanuel.","912 070 947"
"Sofia Fernandes EDUCADORA MASTER | Formação extensão de pestanas","913 249 757"
"Taynara Santana Beauty Clinic","911 997 065"
"Josy Alves","963 457 166"
"""VALERIE""","969 303 073"
"La Donna - Estética e Cabeleireiro, Lda","916 159 555"
"Glam & Zensations","912 166 371"
"EsteticSpa Santarém","915 103 192"
"Jacqueline Lima Beauty & Academy","962 334 282"
"Equilibrium by Francy","914 607 252"
"Andry Rangel - Estética Avançada & Academy","912 086 158"
"New Body 4 You","916 234 005"
"Clinica de Estética Médica e Depilação Laser","243 377 750"
"La Femme Centro de Estética e Cosmetologia","918 744 980"
"ENERGYDAYSPA","929 445 871"
"Scape Health & Sensations","243 377 805"
"Massagem Santarém","919 810 523"
"Refúgio","911 584 007"
"Massagista Filipe Monteiro","915 288 966"
"Dinatejo Wellness & Spa, Equipamentos De Hidromassagem, Lda.","243 306 069"
"Solange Fernandes | Limpeza de Pele • Estética & Massagem","912 613 682"
"Massagem terapêutica e desportiva - Ricardo Jorge","912 858 210"
"Spa Cabeleireiros","243 328 666"
"Terapia Mistica & Spa De M.T., Lda.","21 354 4121"
"Restaurante Roots","961 377 850"
"Restaurante Páteo do Faustino","261 324 346"
"Taberna 22","261 338 384"
"Pikos Restaurante","961 164 822"
"Restaurante Patanisca","912 374 845"
"Taskinha do Chef","261 326 893"
"Casa Primavera","261 057 451"
"Cervejaria O Gordo","261 323 079"
"Restaurante “O Parque”","261 313 207"
"Sal na Adega - AdegaMãe","261 950 105"
"Napoleão Taberna","261 312 062"
"RESTAURANTE PONTO DE ENCONTRO","261 325 793"
"Pizzeria San Pietro","261 098 983"
"Adega da Lampeira","965 254 315"
"Barracão","261 324 908"
"Midi","963 761 608"
"Uma Casa Portugueza","933 535 777"
"Restaurante Pirata","261 244 930"
"Átrio da Cidade","966 624 123"
"MIM House&Friends","964 855 790"
"Pizzaria Dose","261 315 099"
"Pizza da Torre - Portugal","913 934 459"
"Mr.Pizza","261 110 239"
"Restaurante Pizzaria ""A Dose""","261 338 422"
"Pizzaria Dom Romero","261 324 196"
"Pizzaria Massa Fina Torres Vedras","965 832 232"
"Pizzaria Bom Apetite","932 007 038"
"Telepizza Torres Vedras","261 338 900"
"Mr.Pizza","261 325 419"
"Napolitana","916 060 001"
"Pizza Hut Arena Shopping","933 225 858"
"Saloio Café - Torres Vedras","964 836 058"
"Café Xeirinho","261 323 943"
"Café Copacabana","261 322 989"
"KITCHEN CAFE BY TRUE TASTE","912 962 480"
"Café A Chaminé - Torres Vedras","912 921 247"
"Cafetaria JunTos","927 201 344"
"Café Rodrigues","261 312 075"
"Pastelaria Império","261 322 150"
"Café Central E Mini-Mercado - Carlos Antonio Santos","261 323 763"
"Colher de Sal - Take Away & Coffee","261 145 442"
"O Solar do Bitoque-Torres Vedras","261 312 412"
"Café “O Chave”","261 323 307"
"Porta 10a","261 149 975"
"Janita XXI","914 278 596"
"O Santinhos","261 952 014"
"Bar Barzinho","261 867 485"
"Rio das Caldas de São Paulo","964 107 985"
"Café Minareli","920 314 643"
"Bar Portal","261 984 195"
"Check-In Bar","966 949 348"
"Manel Bar","261 937 580"
"Pelagus Bar","241 833 066"
"Sociedade Music Bar","934 991 894"
"Edge Rooftop","(512) 608-4503"
"Upstairs at Caroline","(512) 982-6766"
"The Roosevelt Room","(512) 494-4094"
"Yard House","(408) 241-9273"
"54thirty Rooftop","(720) 996-1558"
"Stay Hotel Torres Vedras Centro","261 314 232"
"Dolce CampoReal Lisboa","261 960 900"
"Hotel Golf Mar","261 980 800"
"Hotel Apartamento Praia Azul","261 930 100"
"Hotel Santa Cruz","261 930 330"
"Arcos Hotel","261 312 489"
"Areias do Seixo","261 936 350"
"Graça Garden - Bed & Breakfast","925 358 657"
"Cliff Surf House","911 731 874"
"Well Hotel & Spa","261 984 472"
"Residential Patio Da Figueira","261 332 264"
"Residencial Moderna","261 314 146"
"Monte do Carmo","966 232 199"
"Casa de Campo Moinhos da Gozundeira","261 787 523"
"Santa Cruz Surf Lodge Lda","926 414 842"
"Hospedaria Recomeçar","918 557 845"
"Largo da Rainha, Guesthouse","911 907 798"
"Youth hostel Santa Cruz","261 933 588"
"Tê-u alojamento local","936 378 450"
"Fernandinho Guest House","962 636 989"
"Pastelaria S.Pedro","261 321 133"
"Pastry Paloma Blanca","261 323 687"
"Pastelaria Pãozinho da Avenida","261 323 670"
"Pastelaria Casa Torta","261 110 802"
"Pastelaria Massa Mãe Com Alma","261 322 844"
"Pastelaria Milay","261 314 614"
"PASTEIS DE FEIJÃO SERRA DA VILA","261 321 552"
"Fábrica Coroa","261 323 494"
"Padaria do Moleiro","261 090 482"
"Paloma Blanca Júnior","261 145 763"
"Doce do Oeste","261 316 256"
"Pasteis Brasão","261 858 600"
"Cafetaria Boca Do Forno","261 312 005"
"A Nortenha - Andreia & Marinho, Lda.","261 322 199"
"Royale Pastelaria","912 922 325"
"Padaria do Moleiro","261 326 037"
"Padaria & Pastelaria “A Tendeira”","261 315 164"
"Simone Mattos Cabeleireiros e estética","960 251 742"
"Augusto Pinho","935 696 977"
"Pampas Company Head Spa","918 730 343"
"TURN","967 938 027"
"Beleza Brasil Torres Vedras","924 056 076"
"Studio Vintage Cabeleireiro's by Filipa Matos","919 900 994"
"Cabeleireiro Corte á la Carte","261 094 094"
"Antonio Crispim Cabeleireiros","918 123 675"
"Hair and Beauty by Marina","912 893 758"
"Maria João - Essência Natural","916 202 214"
"GD Cabeleireiro","910 521 933"
"HAIR BY VITOR DE PAULA","910 589 745"
"Maria Beauty","926 048 053"
"Barbearia Salão Studio 87","911 916 840"
"AF Beauty Space","914 434 665"
"FRANÇA The Barber","918 007 713"
"Sopranos Barbershop & Lounge","927 643 602"
"C&S Cabeleireiro - Alexandre & Pedro","916 693 432"
"LOMA - Clínic & Beauty SPA","913 016 182"
"Barbearia O Baeta","910 695 521"
"Underboss Barbershop","932 815 104"
"Dom Pedro Barbershop -Torres Vedras","910 966 559"
"Barberhood Barbershop Torres Vedras","910 363 029"
"Sérénité 1961 Barbershop","960 471 504"
"Black Diamond barbershop","920 348 709"
"Antigos Barbershop","926 916 490"
"Barbearia West Cutz - Torres Vedras","913 425 665"
"Alex Barber Shop","934 503 823"
"Barbershop gotham","924 271 048"
"New look Barber shop","920 220 400"
"1920 BarberShop - Arena Shopping","261 404 861"
"Alma Barbearia","926 398 075"
"Barbearia Mr. Jones","915 092 991"
"Thor Barbershop","913 215 440"
"KING'S CLUB BARBEARIA","926 923 540"
"Figas Barbershop","918 405 902"
"Nail me perfect","967 429 293"
"Evelin Krettli Nail designer","915 792 149"
"Renata Leite Nail Designer","925 329 984"
"Adina Lina Nail Designer e Estética","911 820 559"
"BNAILS Beauty Salon • HEAD SPA • UNHAS • LASER","936 950 022"
"Lab Beauty","912 549 358"
"For You - Beauty Boutique","915 787 797"
"Queen Salon - Estética","261 313 222"
"Cherry Anaiara Alves","913 598 394"
"Carolina Nails Designer","932 355 341"
"Torres Nails - Olesea Alexandru","964 398 853"
"Lou's Way","915 534 864"
"Gold Nails- Bruna Vieira","915 252 018"
"Victória Nails Designer","912 050 110"
"Carolinaluis.naildesigner","917 127 951"
"Glow Unhas e Estética","935 477 349"
"Queen Station","261 101 275"
"Sweet Charm","916 521 469"
"Glamour Beauty Center","261 094 430"
"GLOW BEAUTY STUDIO- estética & bem estar","910 256 528"
"Poly coelho estética","920 619 500"
"Studio Laís Rocha","920 098 960"
"Espaço de Estética Lary Beauty","926 232 179"
"Clínica Essência do Corpo - Torres Vedras","261 405 653"
"Salão Meire Soares Esteticista.","936 169 799"
"Clínica de Estética e Spa Silvia Netto","917 616 011"
"Eliane Guerra - Permanent Make Up","910 783 040"
"Pürbody","21 017 3810"
"Clínica Elizabeth Ministro","917 593 632"
"Tunjung Spa - Silvania Batista","919 622 236"
"BodyConcept Torres Vedras","912 627 931"
"LU Therapy-estetica corporal","910 276 321"
"Blossom spa","920 265 811"
"Dharma Estética e Bem - Estar","919 700 060"
"Maria Marta Beauty Shop","261 325 199"
"Clínica Maria Beneditta - Maison de Beauté","261 141 457"
"Viva Ayurveda Urban Spa","910 134 413"
"Amai SPA","261 960 909"
"Massagista Bruno Cardoso","915 831 348"
"Marta Conceição Performance&Recovery","933 811 267"
"SPA Delluxe","962 425 475"
"Santa Cruz | Movement & Nature House","261 095 900"
"Clube O'Hara - Ginásio em Torres Vedras","261 140 931"
"A Nossa Casa","21 342 0484"
"Taberna Sal Grosso","910 137 713"
"El Clan - Restaurante Português","963 878 863"
"Restaurant - Cervejaria Ramiro","969 839 472"
"Taberna do Bairro alto","920 343 468"
"Frade dos Mares","21 390 9418"
"Solar do Duque","21 342 6901"
"Restaurante Pastanaga","932 910 125"
"Lucimar","935 561 140"
"Palácio Chiado","21 010 1184"
"Salta","21 132 5822"
"Can the Can Lisboa","914 007 100"
"Duque","21 342 8579"
"Restaurante Rio Grande","21 342 3804"
"Versículo d'O Faia","963 999 678"
"Casa Nepalesa","21 797 9797"
"Belcanto","21 342 0607"
"Floresta das Escadinhas","21 887 2052"
"Solar 31 da Calçada","21 886 3374"
"Forno d'Oro","21 387 9944"
"M’arrecreo Pizzeria","910 599 555"
"Valdo Gatti Pizza","965 277 454"
"Il Margherita Pizzeria","920 053 592"
"Pizzaria Tapas La Familia","938 054 777"
"Lupita","935 002 182"
"Artigiano Ristorante Pizzeria","914 882 665"
"Pizzeria 60 Seconds by Il Margherita","920 834 522"
"Pizzaria Tapas La Casa","938 054 799"
"Pizzeria Romana Alfama","21 886 0055"
"Il pizzavendolo","920 073 392"
"𝗡𝗼𝗹𝗹𝗶𝗲 • ᴘɪᴢᴢᴇʀɪᴀ","917 043 708"
"Pizzaria Lisboa","21 583 0290"
"Pizzeria Maria","937 306 808"
"Farina Bianca Pizzaria","920 800 047"
"LA MATTA PIZZERIA","21 886 3865"
"Pizzaria Luzzo","968 997 826"
"MADAME RESTAURANT - Pizza, Bistro, Cocktails, Terrace","934 227 850"
"LA MATTA CAIS PIZZERIA","21 347 0539"
"Jamie Oliver's Pizzeria Lisboa","969 398 165"
"Cafe Portugal","21 340 0387"
"Café Social Eatery","913 045 989"
"A Brasileira","21 346 9541"
"Hygge Kaffe","931 329 691"
"FÁBRICA COFFEE ROASTERS","21 139 2948"
"Fábrica Coffee Roasters","21 139 9261"
"Heim Cafe Santos","935 775 833"
"Brooklyn Lisboa","21 346 0201"
"Café da Garagem","21 885 4190"
"Liberty: brunch, coffee & books","21 390 1719"
"Café O Corvo","21 886 0545"
"The Coffee","913 495 189"
"Kafeine Lisboa","911 770 203"
"The Folks Blue Street - Specialty Coffee, Breakfast & Brunch","914 055 948"
"Baobá Café Bica","926 900 347"
"Nicolau Lisboa","21 886 0312"
"Pensão Amor","21 314 3399"
"Foxtrot","21 395 2697"
"SEEN Sky Bar","21 096 5775"
"146 Bar","21 159 2650"
"CINCO lounge","21 342 4033"
"Spot Lisboa","920 346 432"
"Delirium Café Lisboa","21 346 0920"
"The Monarch Cocktail Bar","933 153 594"
"Red Frog","21 583 1120"
"Monkey Mash","21 136 4241"
"Bar Na Colina","926 963 144"
"The Royal Vessel bar","21 197 9320"
"The Bar","964 141 083"
"Bubbles","936 310 284"
"Pink Bar - The smallest bar in town","21 342 0626"
"Majong","915 214 803"
"Radisson Blu Hotel, Lisbon","21 004 5000"
"Empire Lisbon Hotel","21 810 0400"
"Lisbon Garden Guest House","21 604 4523"
"We Hate F Tourists - Hostel","967 326 184"
"Hotel Star Inn Lisbon Airport","21 842 5700"
"Residencial do Sul","21 814 7253"
"Hotel Excelsior Lisboa","21 353 7151"
"Masa Hotel Almirante","21 019 3750"
"Next Level Premium Hotels Lisbon","21 019 1120"
"Czar Lisbon Hotel","21 111 5200"
"RESIDENCIAL JOÃO XXI","21 315 5018"
"easyHotel Lisbon","21 052 0600"
"Lisboa Central Park Hotel Suites & Studios","21 350 2060"
"Hotel Dom Afonso Henriques - DAH","21 811 7010"
"Lisbon Wine House - Rooms & Suites","924 792 950"
"VIP Grand Lisboa Hotel & Spa","21 043 5000"
"Novotel Lisboa","21 724 4800"
"Omid Saldanha Hotel","21 053 6850"
"Vincci Alfama","21 048 8770"
"Home - Lisbon Hostel","21 888 5312"
"Samps Hostel","969 591 197"
"Yes! Lisbon Hostel","21 342 7171"
"Liv'in Lisbon Hostel","968 253 533"
"This is Lisbon Hostel","21 801 4549"
"SwissLisbon Guest House","21 395 1607"
"Rossio Hostel","966 826 971"
"PRINCIPE REAL HOME CASA DE HOSPEDES","934 522 390"
"White House Lisbon Hostel","939 859 859"
"Welcome Guest House","960 000 000"
"Hostel 15 & Luggage storage","920 229 784"
"Lisboa Parque Guest House","920 379 103"
"Sri-Indo Guest House","920 162 525"
"1924","965 168 793"
"The Delight Hostel","924 347 338"
"Lisbon Calling Hostel","968 159 426"
"Alface Hall Hostel & Bar","21 343 3293"
"Lisbon Destination Hostel","918 447 935"
"Urban Garden","21 193 3211"
"Lisbon Bangla Guest House","920 812 644"
"Lisbon Check-In Guesthouse, Lisbon","21 801 7940"
"Garden Guest House","920 214 799"
"Lisabonna Guest House","930 952 390"
"Pastéis de Belém","21 363 7423"
"Manteigaria","21 347 1492"
"Versailles","21 354 6340"
"Pastelaria Lisboa","21 812 3339"
"Fábrica da Nata - Pastéis de Nata","21 132 5435"
"Pastelaria Santo António - Chiado","21 342 0585"
"Santo António","21 887 1717"
"Nat'elier | Pastel de Nata","21 346 2470"
"Alfama Doce","933 143 460"
"Confeitaria Nacional","21 342 4470"
"Confeitaria Marquês de Pombal","21 356 2362"
"Pastelaria Suíça","21 793 3766"
"Pastelaria Monte Rei","21 353 8276"
"Camões","21 342 7065"
"Pastelaria Benard","21 347 3133"
"Balcão do Marquês","21 354 5086"
"Cut&Shout Hair Salon Lisbon","926 083 563"
"Hair & Company","21 346 8268"
"Facto Hair Bairro Alto","21 347 8821"
"W Hair Experience","926 737 423"
"Flaunt Lisbon - Hair & Nail Beauty Salon","932 465 529"
"HAIR CONCEPT Lisbon | Blonde & Color Hair Specialists","910 099 310"
"Mood Hair Concept","932 597 232"
"Cabeleireiro Studio Fio de Ouro","930 440 140"
"WIP Hairport","933 461 486"
"Unique","938 307 726"
"&SoWhat Organic Hair Concept","21 346 1355"
"Minds & More – Hair Studio","912 987 636"
"Hair Fusion Lisboa","916 939 506"
"Zam Hair Studio","925 213 319"
"Ferragial","935 285 835"
"Secret Look Lisboa","929 075 519"
"Lisbaeta","934 006 789"
"Rhamus Hair Principe Real","933 428 190"
"Conceito","21 343 2207"
"Maria Lourenço (Acqua Roma)","916 586 817"
"The Barber Company","21 051 7524"
"Barbearia Barberhood Lisboa","912 862 729"
"Beard Man Barber shop","21 247 9509"
"Billy Barber","932 376 014"
"The Barber Company El Corte Inglés Lisboa","924 456 717"
"Figaro's Barbershop Rosemary","21 347 0199"
"Sirius Barbershop Rato","920 023 631"
"Barbearia O Corvo - The Crow Barbershop","934 110 539"
"CONNECTION BARBERSHOP UNIT 2","934 965 551"
"Cinco Euro Barbers","920 051 997"
"Hardy’s barbershop","920 346 919"
"GT Barbershop | Marvila | Lisboa","926 779 356"
"GC BarberHouse","966 541 470"
"Cortes de Lisboa Colombo","927 287 632"
"Augustus - Barbershop","961 292 917"
"Deep barber shop","915 672 137"
"Marques barber shop","916 820 242"
"Fade Culture Barber","914 212 739"
"FADE DISTRICT BARBERSHOP","938 925 016"
"AM.ART Nail Designer","932 302 434"
"Dez Studio","968 052 510"
"MINHA FLOR NAILS & SPA","963 830 329"
"Kelly Silva Unhas de Gel","936 193 561"
"The Manipedi - Nail Spa","21 017 7413"
"Glittereti Nails","920 428 898"
"Priscilla Nail Studio","926 289 863"
"Bless Lash Studio Nails | BLESS NAILS","937 832 777"
"Nail Club Lisboa","933 260 802"
"Glowing Beauty Experts","918 555 727"
"Nails & Beauty Rooftop Salon -By Sophie","918 916 824"
"Michele Furtado Beauty - Nails & Aesthetics","928 395 173"
"Weilla Nail Studio","925 485 728"
"Marga Boone Nail Salon","927 391 311"
"SK Nails and Beauty Studio","920 796 544"
"Ann beauty lab","935 426 562"
"Gi-Coração Atelier de Beleza - Lisboa","926 220 664"
"Yasmin Marcon Nails","963 409 706"
"Into Beauty Studio","932 855 167"
"Beautystudio.Saldanha","939 482 938"
"Sara Beauty","920 179 872"
"Beauty Concept By Vinny - Hair, Nails, Makeup & Waxing salon in Lisbon","920 040 369"
"MBB Beauty Bar / Marquês De Pombal","934 440 687"
"Lisbon Beauty Lounge","961 361 533"
"Beauty Today","910 704 536"
"Curls and Glow","920 090 511"
"Lisboa Beauty Service","938 831 881"
"Lisbon Beauty Hub","961 046 040"
"Sense Beauty Salon","963 608 008"
"Iluminance Skin Clinic","961 334 646"
"ÓG Esthetics and Health","21 342 0247"
"Body Flow","914 034 305"
"Inês Rebelo Skin Care","918 170 135"
"THE-FACE-ONLY","960 411 803"
"Flavio Vilhais Facialist","925 291 448"
"Dra. July Alcantara l Facial Aesthetic Medicine","935 367 575"
"Michelle Bond - Aesthetic & Wellness Clinic","967 250 466"
"Skin Design Lisboa","925 244 987"
"Skin Boutique by LMR","21 099 9138"
"Pause – face massage & skincare","910 791 000"
"maqē - Swiss Beauty Oasis Lisbon","938 378 117"
"LAC - Lisbon Aesthetic Clinic","934 449 524"
"Adriana Felipe - Beauty clinic","933 659 216"
"VERO SKIN","967 669 659"
"SKIN POINT | Estética Facial Lisboa","965 227 337"
"Evelyn Pardinho Spa Facial | Estética Avançada Lisboa","924 772 517"
"Aesthetic and Dermatology Center Lisbon","963 954 090"
"Hydrafacial Lisboa","933 462 555"
"Terra Heal Massage Temple - Spa Lisbon","916 828 876"
"Spa Figueira","21 020 1532"
"Paradise Lisbon Spa","21 315 0500"
"The Spa by Corinthia Lisbon","21 723 6305"
"Ritz Spa at Four Seasons Hotel Ritz Lisbon","21 384 3005"
"Venus Spa Lisboa | Nuru & Tantric Massage","21 138 9917"
"MILÂ STUDIO SPA","912 030 345"
"THE ReTREAT - WELLNESS & SPA","21 044 0907"
"Float in Spa Lisboa - RATO - Spa Massagens e Flutuação","915 785 821"
"Trombeta Bath","21 609 5626"
"Authentic Spa","966 835 900"
"Dakini Spa :: Erotic and Tantric Lisbon","21 354 0306"
"SAYANNA Wellness & Spa - MYRIAD by SANA","21 110 7690"
"BSpa by Karin Herzog","21 040 0220"
"EcoMassage - Massage Lisbon","21 020 1383"
"Serenity Spa Lisbon, The Art of Well Being","21 902 3202"
"SAYANNA Wellness & Spa - EPIC SANA Marquês","21 006 4401"
"Anantara SPA Lisboa","21 319 8771"
"Wayang Center Lisboa | Massage SPA","21 886 1896"
"Sem Horas","265 401 642"
"Restaurante u Tópico","937 677 007"
"Restaurante Tasca da Avenida","937 186 205"
"Peixoco","915 656 346"
"Taberna do Largo","265 526 113"
"Casa do Mar","265 409 477"
"Taberna Grande","265 107 705"
"Restaurante Decor e Salteado","968 668 181"
"Pérola da Mourisca","265 793 689"
"Feito ao Bife","919 838 978"
"Calma Calma","938 102 159"
"Meat Moment","928 144 605"
"Restaurante Reserva","936 271 237"
"C'est La Vie","265 409 446"
"Adega Leo do Petisco","265 228 340"
"Tapas na Baixa","938 286 502"
"Xtoria","961 284 144"
"Mineiro Setúbal","965 188 950"
"Due Fratelli","265 428 236"
"Pizzeria Madia","265 572 262"
"Don Formozzini","265 417 954"
"Pizaria Veneza","265 237 805"
"Primo Piatto","960 424 222"
"Pizzaria Dom Peppone","925 810 999"
"Pizzaria Cores e Sabores","265 708 575"
"ITALIA NO PRATO - Pasta fresca & Pizza romana - Restaurante Italiano em Setúbal","961 687 551"
"Boccochino","265 420 789"
"Pizzaria Mozarella I","265 524 870"
"Pizzaria Forno de Lenha","265 406 005"
"Quebedo Café Pizza e Jardim","265 415 395"
"Maqueoli","265 524 407"
"Pastificio Pizzeria Paulo & Arianna","965 338 110"
"Pizza 44","932 102 967"
"Pizaria Miranda","265 408 877"
"Pizzaria Anexo","265 534 221"
"Prima Chica","265 235 054"
"Pizza Hut Alegro Setúbal","936 596 162"
"Pizzaria pirates bay rodizio de pizzas","937 207 867"
"Menta Fresca coffee & drinks","926 616 054"
"The Coffee","917 570 164"
"NATA Lisboa - Setúbal - Coffee Shop","265 102 030"
"Red Corner Café","962 722 118"
"Cafe /Restaurante Costa Azul","265 572 008"
"Sports Café Setúbal - Snooker Club","265 547 001"
"Café Portugal","965 025 205"
"O Melhor Croissant da Rua","265 527 132"
"Por Acaso Café","265 095 132"
"Nã´Sei Café","265 104 584"
"Cafe ta-se bem","919 421 368"
"Chá d'Amor","925 265 554"
"O Vale Café","265 751 497"
"Cafetaria Smile","933 058 677"
"Vanicelos Cervejaria, Café & Beer Garden","932 382 795"
"Esplanada Laranja","265 534 612"
"Cafetaria Batikanos","937 360 057"
"Gatsby Cocktailaria","934 901 016"
"Old Pub Setúbal","936 361 459"
"Skál Pub - Live music and sports","933 131 636"
"Beco da Ribeira","911 867 406"
"Crazy Dolphin Pub","933 799 409"
"The Little Fox - Irish Bar","912 950 283"
"Bar D'elas Setúbal🌈","910 713 207"
"Champions Pub","265 087 176"
"Bard - Medieval Tavern","265 522 216"
"Rockalot Praia","265 536 104"
"B&B HOTEL Sado Setúbal","265 542 800"
"ibis Setubal","265 700 900"
"Hotel Cristal Setúbal","265 543 000"
"Casa Eloy","910 469 648"
"Day Off Hostel","936 005 625"
"6/4 de Sado","964 198 243"
"Hostel DP Setubal","926 070 650"
"Meliá Setúbal","265 240 400"
"De Pedra e Sal Hostel & Suites","265 418 353"
"Campanile Lisboa Sud - Setubal","265 720 490"
"Luna Esperanca Centro Hotel","265 521 780"
"Hotel Solaris","265 541 770"
"Sport Hotel A Seleção","265 709 650"
"Hotel Laitau","265 550 640"
"B&B HOTEL Setubal Bonfim","265 147 900"
"RM The Hotel Experience","265 400 119"
"Hotel Aranguês","265 525 171"
"Hotel Bocage","265 543 080"
"Rio Art Hotel","965 801 988"
"O Pátio","936 873 043"
"HI Setubal - Pousada de Juventude - CASA DO LARGO","265 421 080"
"Russo's Hostel","936 303 409"
"Jardins de São Luís","936 955 415"
"Hostel","937 551 247"
"D'Lis Hostel","935 676 608"
"34 Guest House","910 223 101"
"Arrábida Guest House","932 714 935"
"Confeitaria d'Arrábida","265 414 960"
"Pastelaria Delícia Latina","913 363 675"
"Canto Doce","961 154 605"
"Pastelaria Vitória","265 533 547"
"Pastelaria Capri","265 523 020"
"Confeitaria d'Arrábida","265 552 545"
"Pastelaria Bambu","265 228 477"
"Pastelaria Docinho de Mel","265 405 969"
"The Princess of Sado Bakery and Café","265 552 992"
"Confeitaria Mestre Pasteleiro","265 109 438"
"Pastelaria Doces Suspiros","265 234 160"
"Minas Brasil - Lanchonete","265 419 893"
"Tradições by Sem horas","265 415 487"
"Botequim du Bocage","933 962 079"
"Nutritiva Moderna","265 522 143"
"Papa Doce Padaria Pastelaria","265 112 422"
"Café Pastelaria Bandarra","963 788 212"
"Pastelaria Anjo Doce","265 526 004"
"Pastelaria Princesinha","265 552 937"
"Warley Fernandez Hair and Beauty Salon","933 077 909"
"Cidália","265 533 056"
"Ana Paula Hair","930 449 915"
"AF Centro de formação e atendimento estético","933 353 242"
"Beauty & Hair Studio","265 114 051"
"Andreia Pereira - Hairstyle & Beauty","914 213 933"
"Andreia Gama - Hair Studio","965 770 853"
"CABELEIREIRA ELIZIETE RAMALDE ESPECIALISTA EM LOIROS, MECHAS E COLOR HAIR","963 712 003"
"Safira cabeleireiro e estética","928 024 980"
"Susana Marques Cabeleireiro","265 106 643"
"Forever Beauty Studio","938 294 710"
"Be Rose - estética & bem estar","931 671 969"
"Academia Ana Pratas","935 906 458"
"Alma Studio","964 126 275"
"Beauty Lounge Setúbal","910 952 721"
"Trés Blonde Cabeleireiro","928 102 707"
"PinkBlack Studio - Ana Lisboa","924 136 477"
"Romana Hair","265 228 288"
"Solange Fonseca Cabeleireiro","937 183 990"
"Cabeleireiro Luisa Mendão","265 233 344"
"Barbearia Lisão Barber","963 758 158"
"Criato BarberClub","932 247 980"
"News Spirit Barbershop","934 852 292"
"Europeu Hair - Barbearia em Setubal","265 117 954"
"Old Beard","939 250 542"
"kevin barber shop","920 501 581"
"Barbearia Maya, INTERMARCHE","926 474 236"
"East Coast Barbearia","910 163 502"
"Zuca Barbeiro","968 721 382"
"Barbearia Todi","934 251 905"
"Barbearia do Armindo","265 572 072"
"Barbearia Bueno","938 389 799"
"EDU BARBER CONCEPT. , .PINK & BLACK","967 946 330"
"GR Barber","915 677 051"
"Barbearia Lord Setúbal","911 509 083"
"LUCAS BLACK Barbearia","913 887 639"
"Bruna Oliveira Profissional Nails","924 906 519"
"MMGLAMOR Nails","967 778 046"
"Luana Martins Nail Designer","913 296 340"
"Bella Art Studio - Jéssica Salgueiro de Carvalho","968 348 215"
"Adriana Teles Studio","916 660 865"
"Violet nails and beauty","964 859 606"
"Nails Ideal - Alegro Setubal","914 213 094"
"Beauty Studio Daiane Santos","963 826 175"
"Jéssyca Santana Nails","929 214 545"
"Cátia Otero Nails","912 987 297"
"Nails 21 Setubal","934 779 381"
"ANDRÉIA ARAÚJO UNHAS SETÚBAL","918 046 964"
"Nanda Matos Nails","912 025 903"
"Evelym Nail Designer","962 611 219"
"Carla xavier nails","962 912 193"
"Formação Unhas Setúbal Carla Amaro AestheticAcademy","963 901 527"
"Nastasya Nails Master","932 302 722"
"My Secret Place - Setúbal","927 975 074"
"Glow Beauty Clinic - Setúbal","918 084 052"
"Rhamaiane Freitas Beauty","931 395 064"
"Vitória Almeida Beauty","926 751 061"
"Abelha da Beleza","920 482 208"
"Casa da Estética","916 898 088"
"Pamela Salvado - Body & facial treatments","924 451 434"
"Be You - beautystudio","930 688 887"
"Flor de Cerejeira - Beleza e Bem-Estar","926 717 064"
"BodyConcept Setúbal","932 662 022"
"Esthetical Bio","939 282 795"
"Dra. Natália Machado - Botox em Setúbal","934 228 252"
"Isa Imperial Estética Especializada","935 548 134"
"Beauté palominos","935 509 293"
"Rose Quartz Estética e Bem estar","931 899 419"
"DAHIANA Recio ""Estética avançada""","913 893 997"
"Susana Oliveira Atelier de Estética","919 657 909"
"Angélica Cardoso - Massoterapeuta Humanizada","935 489 463"
"Sofia Magalhães - Aesthetic & Wellness","933 831 445"
"SPACEtherapy","932 314 143"
"Vida Leve Saúde Beleza | Estética | SPA | Setúbal","964 193 376"
"Image Esthetique/Spa","918 540 618"
"SilkTouch","969 622 607"
"Sublime - Inês Gonçalves","911 936 618"
"Bangkok Spa Thai Massage","939 875 889"
"Wise Monkeys Massage by Lúcia - Setúbal","915 891 813"
"Boutique Spa","969 612 026"
"Tiagos Clínica","265 520 000"
"Geiza_Sadhana&Wellness | Massagem, Ayurveda, Meditação, Yoga e Aromaterapia","910 167 793"
"Miguel Cascalheira - Setúbal","913 015 485"
"Instituto Beleza Mss","967 944 322"
"Omma - Wellness&Spa","928 373 068"
"Kaizen Massagista Em Setúbal","915 469 493"
"Fabiana Guilherme Terapeuta","913 523 517"
